10,144188,20607,1641459.6506032944
20,146346,20799,-1641459.6506032944
30,149086,21009,0.0
40,150163,21129,0.003988504409790039
50,151425,21192,0.0
60,152951,21295,0.0
70,153370,21321,0.003988504409790039
80,153989,21376,0.0
90,154886,21472,0.0
100,156482,21605,0.003988504409790039
110,157488,21642,1575595.0510950089
120,158131,21682,-1575595.0510950089
130,158393,21701,0.0
140,159675,21798,0.0
150,160799,21880,0.003988504409790039
160,161456,21915,0.0
170,161675,21937,0.0
180,161854,21943,0.003988504409790039
190,161955,21946,0.0
200,162104,21951,0.0
210,162798,22091,0.003988504409790039
220,164068,22205,0.0
230,164174,22208,0.0
240,164479,22229,0.0
250,164596,22232,0.003988504409790039
260,164802,22255,0.0
270,165016,22276,0.0
280,165328,22297,0.0
290,165643,22317,0.003988504409790039
300,167640,22454,0.0
310,167714,22459,0.0
320,167740,22459,0.0
330,167769,22459,0.0
340,167829,22461,0.003988504409790039
350,167841,22462,0.0
360,168083,22482,0.0
370,168140,22483,0.0
380,168161,22483,0.003988504409790039
390,168201,22484,0.0
400,168217,22484,0.0
410,168217,22484,0.0
420,168420,22494,0.003988504409790039
430,168865,22515,0.0
440,168971,22525,0.0
450,169055,22539,0.0
460,169163,22544,0.0
470,169339,22550,0.003988504409790039
480,169467,22554,0.0
490,169787,22571,0.0
500,169802,22571,0.0
510,169901,22573,0.0
520,169962,22577,0.003988742828369141
530,170000,22577,0.0
540,170435,22611,0.0
550,170500,22616,0.0
560,170551,22616,0.0
570,170662,22625,0.0
580,170801,22631,0.003988504409790039
590,171212,22653,0.0
600,171237,22654,0.0
610,171299,22657,0.0
620,171310,22657,0.0
630,171324,22657,0.0
640,171335,22657,0.0
650,171584,22660,0.003988504409790039
660,171627,22661,0.0
670,171935,22671,0.0
680,171962,22675,0.0
690,172297,22704,0.0
700,172458,22725,0.0
710,172752,22735,0.003988504409790039
720,172984,22738,0.0
730,173125,22746,0.0
740,173140,22748,0.0
750,173150,22750,0.003988504409790039
760,173282,22760,0.0
770,173286,22760,0.0
780,173366,22761,0.0
790,173452,22769,0.0
800,173512,22771,0.003988504409790039
810,173512,22771,0.0
820,173536,22772,0.0
830,173536,22772,0.0
840,173635,22773,0.003988504409790039
850,173783,22773,0.0
860,173850,22777,0.0
870,173866,22777,0.0
880,173914,22779,0.0
890,173971,22783,0.0
900,174008,22787,0.0
910,174021,22787,0.003988504409790039
920,174112,22790,0.0
930,174153,22793,0.0
940,174388,22809,0.0
950,174398,22809,0.0
960,174398,22809,0.0
970,174509,22819,0.003988504409790039
980,174546,22825,0.0
990,174611,22827,0.0
1000,174639,22829,0.0
1010,174662,22830,0.0
1020,174689,22830,1575595.007301569
1030,174794,22835,-0.35199809074401855
1040,174920,22840,0.32399821281433105
1050,174971,22845,0.03999972343444824
1060,175022,22853,-0.20799899101257324
1070,175166,22861,-0.12399911880493164
1080,175205,22861,0.4159977436065674
1090,175221,22862,-0.4839975833892822
1100,175498,22893,0.1399993896484375
1110,175514,22894,-1575594.7513258457
1120,175557,22894,0.0
1130,175557,22894,0.0
1140,175754,22906,0.003988504409790039
1150,175773,22907,0.0
1160,175803,22907,0.0
1170,175960,22914,0.0
1180,176038,22926,0.0
1190,176057,22926,0.0
1200,176081,22926,0.003988504409790039
1210,176102,22927,0.0
1220,176227,22947,0.0
1230,176427,22961,0.0
1240,176443,22961,0.0
1250,176443,22961,0.003988504409790039
1260,176453,22962,0.0
1270,176453,22962,0.0
1280,176490,22963,0.0
1290,176624,22965,0.0
1300,176639,22967,0.003988504409790039
1310,176829,22980,0.0
1320,177007,22986,0.0
1330,177007,22986,0.0
1340,177007,22986,0.0
1350,177073,22990,0.0
1360,177099,22991,0.003988504409790039
1370,177126,22994,0.0
1380,177140,22994,0.0
1390,177142,22994,0.0
1400,177153,22995,0.003988742828369141
1410,177153,22995,0.0
1420,177153,22995,0.0
1430,177209,22995,0.0
1440,177338,23000,0.003988504409790039
1450,177351,23000,0.0
1460,177351,23000,0.0
1470,177379,23004,0.0
1480,177380,23004,0.0
1490,177394,23004,0.0
1500,177401,23004,0.0
1510,177401,23004,0.003988504409790039
1520,177434,23005,0.0
1530,177442,23005,0.0
1540,177446,23005,0.0
1550,177466,23005,0.0
1560,177551,23006,0.003988504409790039
1570,177554,23006,0.0
1580,177671,23010,0.0
1590,177671,23010,0.0
1600,177677,23010,0.0
1610,177679,23010,0.0
1620,177684,23010,0.0
1630,177789,23014,0.0
1640,177862,23014,0.003988504409790039
1650,177862,23014,0.0
1660,177932,23016,0.0
1670,177932,23016,0.0
1680,177954,23018,0.0
1690,178023,23022,0.0
1700,178057,23022,0.0
1710,178109,23024,0.003988504409790039
1720,178137,23024,0.0
1730,178200,23027,0.0
1740,178228,23028,0.0
1750,178292,23034,0.0
1760,178296,23035,0.0
1770,178332,23035,0.003988504409790039
1780,178338,23035,0.0
1790,178338,23035,0.0
1800,178338,23035,0.0
1810,178342,23035,0.0
1820,178394,23035,0.003988504409790039
1830,178446,23038,0.0
1840,178569,23042,0.0
1850,178593,23042,0.0
1860,178755,23051,0.0
1870,178770,23052,0.003988504409790039
1880,178770,23052,0.0
1890,178795,23054,0.0
1900,178800,23055,0.0
1910,178814,23056,0.0
1920,178891,23060,0.0
1930,178899,23060,0.0
1940,178899,23060,0.003988504409790039
1950,178976,23065,0.0
1960,178983,23065,0.0
1970,179117,23073,0.0
1980,179199,23086,0.0
1990,179221,23087,0.0
2000,179221,23091,0.0
2010,179242,23092,0.0
2020,179242,23092,0.003988504409790039
2030,179254,23092,0.0
2040,179264,23093,0.0
2050,179271,23093,0.0
2060,179319,23101,0.0
2070,179323,23101,0.0
2080,179323,23101,0.0
2090,179341,23102,0.003988504409790039
2100,179347,23102,0.0
2110,179358,23103,0.0
2120,179995,23141,0.0
2130,180059,23147,0.0
2140,180097,23148,0.0
2150,180101,23148,0.0
2160,180117,23148,0.003988504409790039
2170,180209,23148,0.0
2180,180209,23148,0.0
2190,180225,23148,0.0
2200,180255,23149,0.0
2210,180316,23154,0.0
2220,180441,23163,0.0
2230,180523,23166,0.003988504409790039
2240,180529,23166,0.0
2250,180529,23166,0.0
2260,180558,23166,0.0
2270,180586,23167,0.0
2280,180718,23181,0.003988504409790039
2290,180718,23181,0.0
2300,180723,23182,0.0
2310,180832,23188,0.0
2320,180836,23188,0.0
2330,180863,23189,0.0
2340,180906,23190,0.003988742828369141
2350,180998,23192,0.0
2360,181002,23192,0.0
2370,181006,23192,0.0
2380,181020,23192,0.0
2390,181114,23195,0.003988504409790039
2400,181114,23195,0.0
2410,181115,23195,0.0
2420,181124,23195,0.0
2430,181124,23195,0.003988504409790039
2440,181124,23195,0.0
2450,181128,23195,0.0
2460,181158,23196,0.0
2470,181158,23196,0.0
2480,181181,23197,0.003988504409790039
2490,181193,23198,0.0
2500,181195,23198,0.0
2510,181195,23198,0.0
2520,181230,23202,0.0
2530,181231,23202,0.0
2540,181256,23202,0.003988504409790039
2550,181266,23203,0.0
2560,181285,23206,0.0
2570,181287,23206,0.0
2580,181287,23206,0.0
2590,181333,23207,0.003988504409790039
2600,181389,23208,0.0
2610,181401,23210,0.0
2620,181436,23210,0.0
2630,181438,23210,0.003988504409790039
2640,181538,23211,0.0
2650,181538,23211,0.0
2660,181540,23211,0.0
2670,181540,23211,0.003988504409790039
2680,181583,23216,0.0
2690,182158,23223,0.0
2700,182158,23223,0.0
2710,182158,23223,0.0
2720,182162,23223,0.003988504409790039
2730,182203,23224,0.0
2740,182203,23224,0.0
2750,182203,23224,0.0
2760,182203,23224,0.003988504409790039
2770,182238,23231,0.0
2780,182332,23238,0.0
2790,182332,23238,0.0
2800,182332,23238,0.003988504409790039
2810,182332,23238,0.0
2820,182417,23243,0.0
2830,182418,23243,0.0
2840,182418,23243,0.0
2850,182420,23243,0.0
2860,182423,23243,0.0
2870,182423,23243,0.003988504409790039
2880,182429,23243,0.0
2890,182436,23243,0.0
2900,182436,23243,0.0
2910,182437,23243,0.0
2920,182437,23243,0.003988504409790039
2930,182437,23243,0.0
2940,182458,23246,0.0
2950,182469,23246,0.0
2960,182537,23248,0.0
2970,182537,23248,0.003988504409790039
2980,183173,23295,0.0
2990,183175,23295,0.0
3000,183178,23295,0.0
3010,183205,23296,0.0
3020,183205,23296,0.0
3030,183205,23296,0.003988504409790039
3040,183205,23296,0.0
3050,183206,23296,0.0
3060,183206,23296,0.0
3070,183333,23304,0.0
3080,183347,23304,0.0
3090,183380,23304,0.003988742828369141
3100,183431,23308,0.0
3110,183448,23309,0.0
3120,183448,23309,0.0
3130,183448,23309,0.0
3140,183450,23309,0.003988504409790039
3150,183457,23309,0.0
3160,183630,23314,0.0
3170,183659,23323,0.0
3180,183663,23324,0.0
3190,183663,23324,0.0
3200,183678,23324,0.003988504409790039
3210,183698,23325,0.0
3220,183701,23325,0.0
3230,183702,23325,0.0
3240,183712,23327,0.0
3250,183715,23327,0.0
3260,183715,23327,0.003988504409790039
3270,183722,23327,0.0
3280,183722,23327,0.0
3290,183736,23328,0.0
3300,183748,23328,0.0
3310,183748,23328,0.0
3320,183761,23329,0.003988504409790039
3330,183767,23329,0.0
3340,183767,23329,0.0
3350,183769,23329,0.0
3360,183769,23329,0.0
3370,183769,23329,0.0
3380,183770,23329,0.003988504409790039
3390,183770,23329,0.0
3400,183849,23329,0.0
3410,183934,23334,0.0
3420,183938,23334,0.0
3430,184028,23340,0.0
3440,184033,23340,0.003988504409790039
3450,184033,23340,0.0
3460,184033,23340,0.0
3470,184033,23340,0.0
3480,184054,23340,0.0
3490,184055,23340,0.003988504409790039
3500,184055,23340,0.0
3510,184055,23340,0.0
3520,184067,23340,0.0
3530,184075,23340,0.0
3540,184103,23345,0.0
3550,184103,23345,0.003988504409790039
3560,184104,23345,0.0
3570,184160,23348,0.0
3580,184160,23348,0.0
3590,184175,23348,0.0
3600,184178,23348,0.0
3610,184179,23348,0.003988504409790039
3620,184212,23350,0.0
3630,184241,23351,0.0
3640,184241,23351,0.0
3650,184243,23351,0.0
3660,184243,23351,0.003988504409790039
3670,184243,23351,0.0
3680,184260,23353,0.0
3690,184306,23354,0.0
3700,184406,23357,0.0
3710,184441,23357,0.003988504409790039
3720,184466,23357,0.0
3730,184466,23357,0.0
3740,184466,23357,0.0
3750,184496,23359,0.0
3760,184517,23360,0.0
3770,184536,23360,0.003988504409790039
3780,184536,23360,0.0
3790,184561,23360,0.0
3800,184655,23366,0.0
3810,184683,23368,0.0
3820,184683,23368,0.003988504409790039
3830,184683,23368,0.0
3840,184695,23368,0.0
3850,184695,23368,0.0
3860,184734,23369,0.0
3870,184738,23369,0.003988504409790039
3880,184920,23379,0.0
3890,184920,23379,0.0
3900,184926,23379,0.0
3910,184940,23379,0.0
3920,184956,23379,0.003988504409790039
3930,184987,23381,0.0
3940,185020,23383,0.0
3950,185020,23383,0.0
3960,185027,23383,0.0
3970,185029,23383,0.0
3980,185051,23386,0.0
3990,185051,23386,0.003988742828369141
4000,185051,23386,0.0
4010,185051,23386,0.0
4020,185051,23386,0.0
4030,185051,23386,0.0
4040,185053,23386,0.0
4050,185058,23387,0.003988504409790039
4060,185088,23390,0.0
4070,185128,23392,0.0
4080,185305,23405,0.0
4090,185337,23409,0.0
4100,185337,23409,0.0
4110,185353,23412,0.003988504409790039
4120,185472,23424,0.0
4130,185486,23424,0.0
4140,185507,23430,0.0
4150,185549,23432,0.0
4160,185549,23432,0.0
4170,185549,23432,0.0
4180,185574,23433,0.003988504409790039
4190,185574,23433,0.0
4200,185607,23433,0.0
4210,185618,23433,0.0
4220,185650,23433,0.0
4230,185653,23433,0.0
4240,185667,23433,0.0
4250,185679,23433,0.003988504409790039
4260,185715,23436,0.0
4270,185747,23436,0.0
4280,185751,23436,0.0
4290,185751,23436,0.0
4300,185786,23436,0.003988504409790039
4310,185807,23437,0.0
4320,185808,23437,0.0
4330,185824,23438,0.0
4340,185824,23438,0.003988504409790039
4350,185827,23438,0.0
4360,185829,23438,0.0
4370,185829,23438,0.0
4380,185829,23438,0.0
4390,186137,23469,0.0
4400,186153,23469,0.0
4410,186168,23469,0.003988504409790039
4420,186211,23470,0.0
4430,186211,23470,0.0
4440,186269,23470,0.0
4450,186298,23472,0.0
4460,186299,23472,0.0
4470,186299,23472,0.003988504409790039
4480,186310,23472,0.0
4490,186313,23472,0.0
4500,186324,23472,0.0
4510,186327,23472,0.0
4520,186327,23472,0.0
4530,186338,23472,0.0
4540,186347,23472,0.003988504409790039
4550,186357,23473,0.0
4560,186393,23475,0.0
4570,186393,23475,0.0
4580,186410,23475,0.0
4590,186410,23475,0.0
4600,186410,23475,0.003988504409790039
4610,186410,23475,0.0
4620,186410,23475,0.0
4630,186422,23476,0.0
4640,186422,23476,0.0
4650,186426,23477,0.0
4660,186427,23477,0.003988504409790039
4670,186427,23477,0.0
4680,186427,23477,0.0
4690,186427,23477,0.0
4700,186427,23477,0.0
4710,186427,23477,0.0
4720,186435,23477,0.003988504409790039
4730,186439,23477,0.0
4740,186472,23481,0.0
4750,186472,23481,0.0
4760,186476,23481,0.0
4770,186476,23481,0.0
4780,186476,23481,0.0
4790,186483,23481,0.0
4800,186486,23481,0.0
4810,186534,23486,0.003988504409790039
4820,186549,23486,0.0
4830,186554,23486,0.0
4840,186554,23486,0.0
4850,186554,23486,0.0
4860,186554,23486,0.0
4870,186554,23486,0.0
4880,186554,23486,0.003988504409790039
4890,186560,23486,0.0
4900,186566,23486,0.0
4910,186595,23486,0.0
4920,186598,23486,0.0
4930,186598,23486,0.0
4940,186630,23489,0.003988742828369141
4950,186760,23492,0.0
4960,186768,23492,0.0
4970,186774,23492,0.0
4980,186774,23492,0.0
4990,186840,23493,0.0
5000,186843,23493,0.0
5010,186854,23493,0.003988504409790039
5020,186873,23493,0.0
5030,186873,23493,0.0
5040,186910,23496,0.0
5050,186915,23496,0.0
5060,186915,23496,0.0
5070,186932,23497,0.0
5080,186932,23497,0.003988504409790039
5090,186932,23497,0.0
5100,186932,23497,0.0
5110,186932,23497,0.0
5120,186934,23497,0.0
5130,186934,23497,0.0
5140,186934,23497,0.003988504409790039
5150,186943,23501,0.0
5160,186945,23501,0.0
5170,186957,23502,0.0
5180,186985,23502,0.0
5190,186985,23502,0.003988504409790039
5200,187009,23503,0.0
5210,187009,23503,0.0
5220,187018,23503,0.0
5230,187018,23503,0.0
5240,187059,23505,0.003988504409790039
5250,187059,23505,0.0
5260,187059,23505,0.0
5270,187060,23505,0.0
5280,187060,23505,0.0
5290,187060,23505,0.0
5300,187060,23505,0.0
5310,187060,23505,0.003988504409790039
5320,187101,23508,0.0
5330,187110,23508,0.0
5340,187116,23508,0.0
5350,187116,23508,0.0
5360,187116,23508,0.0
5370,187116,23508,0.003988504409790039
5380,187118,23508,0.0
5390,187123,23508,0.0
5400,187154,23509,0.0
5410,187156,23509,0.0
5420,187156,23509,0.003988504409790039
5430,187327,23520,0.0
5440,187370,23521,0.0
5450,187374,23521,0.0
5460,187424,23522,0.0
5470,187441,23523,0.0
5480,187548,23529,0.0
5490,187549,23529,0.003988504409790039
5500,187549,23529,0.0
5510,187549,23529,0.0
5520,187549,23529,0.0
5530,187549,23529,0.0
5540,187549,23529,0.0
5550,187549,23529,0.0
5560,187603,23530,0.003988504409790039
5570,187701,23538,0.0
5580,187701,23538,0.0
5590,187701,23538,0.0
5600,187701,23538,0.0
5610,187701,23538,0.0
5620,187795,23538,0.0
5630,187800,23538,0.003988504409790039
5640,187849,23539,0.0
5650,187850,23539,0.0
5660,187850,23539,0.0
5670,187853,23539,0.0
5680,187865,23539,0.0
5690,187865,23539,0.0
5700,187865,23539,0.0
5710,187865,23539,0.003988504409790039
5720,187865,23539,0.0
5730,187879,23540,0.0
5740,187879,23540,0.0
5750,187879,23540,0.0
5760,187880,23540,0.0
5770,187880,23540,0.0
5780,187880,23540,0.003988504409790039
5790,187977,23542,0.0
5800,187998,23543,0.0
5810,188016,23544,0.0
5820,188029,23544,0.0
5830,188029,23544,0.0
5840,188057,23544,0.003988504409790039
5850,188061,23544,0.0
5860,188062,23544,0.0
5870,188125,23548,0.0
5880,188206,23551,0.0
5890,188206,23551,0.0
5900,188206,23551,0.003988504409790039
5910,188209,23551,0.0
5920,188222,23551,0.0
5930,188229,23551,0.0
5940,188229,23551,0.0
5950,188237,23551,0.0
5960,188237,23551,0.003988742828369141
5970,188242,23551,0.0
5980,188242,23551,0.0
5990,188242,23551,0.0
6000,188242,23551,0.0
6010,188360,23577,0.003988504409790039
6020,188360,23577,0.0
6030,188379,23579,0.0
6040,188379,23579,0.0
6050,188379,23579,0.0
6060,188379,23579,0.0
6070,188383,23579,0.003988504409790039
6080,188391,23579,0.0
6090,188417,23583,0.0
6100,188417,23583,0.0
6110,188425,23583,0.0
6120,188465,23584,0.0
6130,188764,23593,0.003988504409790039
6140,188796,23600,0.0
6150,188798,23600,0.0
6160,188831,23600,0.0
6170,188834,23600,0.0
6180,188834,23600,0.0
6190,188834,23600,0.0
6200,188834,23600,0.0
6210,188834,23600,0.003988504409790039
6220,188889,23602,0.0
6230,188889,23602,0.0
6240,188889,23602,0.0
6250,188889,23602,0.0
6260,188889,23602,0.0
6270,188889,23602,0.003988504409790039
6280,188889,23602,0.0
6290,188889,23602,0.0
6300,188912,23602,0.0
6310,188993,23608,0.0
6320,188993,23608,0.0
6330,189001,23608,0.003988504409790039
6340,189004,23608,0.0
6350,189005,23608,0.0
6360,189016,23609,0.0
6370,189033,23609,0.0
6380,189033,23609,0.0
6390,189054,23609,0.003988504409790039
6400,189054,23609,0.0
6410,189063,23609,0.0
6420,189063,23609,0.0
6430,189067,23609,0.0
6440,189128,23614,0.0
6450,189175,23615,0.0
6460,189175,23615,0.003988504409790039
6470,189189,23615,0.0
6480,189189,23615,0.0
6490,189190,23615,0.0
6500,189195,23615,0.0
6510,189195,23615,0.0
6520,189234,23615,0.003988504409790039
6530,189235,23615,0.0
6540,189237,23615,0.0
6550,189237,23615,0.0
6560,189245,23615,0.0
6570,189328,23619,0.0
6580,189342,23620,0.003988504409790039
6590,189348,23620,0.0
6600,189360,23620,0.0
6610,189360,23620,0.0
6620,189379,23621,0.0
6630,189393,23621,0.003988504409790039
6640,189427,23622,0.0
6650,189436,23622,0.0
6660,189436,23622,0.0
6670,189436,23622,0.0
6680,189438,23622,0.0
6690,189442,23622,0.003988504409790039
6700,189442,23622,0.0
6710,189444,23622,0.0
6720,189444,23622,0.0
6730,189444,23622,0.0
6740,189444,23622,0.003988504409790039
6750,189444,23622,0.0
6760,189444,23622,0.0
6770,189458,23622,0.0
6780,189458,23622,0.0
6790,189458,23622,0.003988504409790039
6800,189458,23622,0.0
6810,189458,23622,0.0
6820,189458,23622,0.0
6830,189526,23624,0.003988742828369141
6840,189526,23624,0.0
6850,189526,23624,0.0
6860,189554,23624,0.0
6870,189554,23624,0.003988504409790039
6880,189560,23624,0.0
6890,189560,23624,0.0
6900,189571,23624,0.0
6910,189577,23624,0.003988504409790039
6920,189577,23624,0.0
6930,189577,23624,0.0
6940,189609,23625,0.0
6950,189611,23625,0.0
6960,189611,23625,0.0
6970,189611,23625,0.003988504409790039
6980,189611,23625,0.0
6990,189611,23625,0.0
7000,189619,23625,0.0
7010,189622,23625,0.0
7020,189662,23625,0.0
7030,189733,23628,0.0
7040,189734,23628,0.003988504409790039
7050,189734,23628,0.0
7060,189734,23628,0.0
7070,189736,23628,0.0
7080,189737,23628,0.0
7090,189737,23628,0.0
7100,189737,23628,0.0
7110,189737,23628,0.0
7120,189750,23628,0.0
7130,189890,23635,0.003988504409790039
7140,189929,23636,0.0
7150,189929,23636,0.0
7160,189929,23636,0.0
7170,189972,23636,0.0
7180,189987,23636,0.0
7190,190008,23640,0.0
7200,190014,23640,0.003988504409790039
7210,190014,23640,0.0
7220,190014,23640,0.0
7230,190014,23640,0.0
7240,190099,23647,0.0
7250,190099,23647,0.0
7260,190110,23650,0.0
7270,190115,23652,0.0
7280,190115,23652,0.003988504409790039
7290,190116,23652,0.0
7300,190117,23652,0.0
7310,190117,23652,0.0
7320,190133,23656,0.0
7330,190143,23658,0.0
7340,190143,23658,0.0
7350,190143,23658,0.0
7360,190143,23658,0.003988504409790039
7370,190149,23658,0.0
7380,190153,23658,0.0
7390,190153,23658,0.0
7400,190153,23658,0.0
7410,190153,23658,0.0
7420,190153,23658,0.003988504409790039
7430,190159,23658,0.0
7440,190159,23658,0.0
7450,190159,23658,0.0
7460,190178,23658,0.0
7470,190254,23659,0.0
7480,190254,23659,0.0
7490,190254,23659,0.003988504409790039
7500,190255,23659,0.0
7510,190255,23659,0.0
7520,190255,23659,0.0
7530,190292,23661,0.0
7540,190302,23663,0.003988504409790039
7550,190343,23666,0.0
7560,190343,23666,0.0
7570,190343,23666,0.0
7580,190347,23666,0.0
7590,190973,23700,0.003988504409790039
7600,190974,23700,0.0
7610,190974,23700,0.0
7620,191018,23701,0.0
7630,191022,23701,0.0
7640,191024,23701,0.003988504409790039
7650,191026,23701,0.0
7660,191026,23701,0.0
7670,191026,23701,0.0
7680,191045,23701,0.0
7690,191090,23702,0.003988504409790039
7700,191097,23702,0.0
7710,191108,23702,0.0
7720,191109,23702,0.0
7730,191109,23702,0.0
7740,191118,23702,0.003988504409790039
7750,191118,23702,0.0
7760,191153,23702,0.0
7770,191157,23703,0.0
7780,191157,23703,0.0
7790,191157,23703,0.003988742828369141
7800,191164,23703,0.0
7810,191164,23703,0.0
7820,191169,23703,0.0
7830,191176,23703,0.003988504409790039
7840,191257,23709,0.0
7850,191257,23709,0.0
7860,191257,23709,0.0
7870,191296,23711,0.0
7880,191353,23715,0.003988504409790039
7890,191353,23715,0.0
7900,191356,23715,0.0
7910,191442,23719,0.0
7920,191442,23719,0.0
7930,191442,23719,0.0
7940,191442,23719,0.003988504409790039
7950,191442,23719,0.0
7960,191455,23720,0.0
7970,191455,23720,0.0
7980,191455,23720,0.003988504409790039
7990,191455,23720,0.0
8000,191455,23720,0.0
8010,191455,23720,0.0
8020,191469,23720,0.0
8030,191474,23720,0.0
8040,191493,23720,0.003988504409790039
8050,191518,23726,0.0
8060,191518,23726,0.0
8070,191518,23726,0.0
8080,191524,23727,0.0
8090,191527,23727,0.0
8100,191535,23728,0.0
8110,191585,23728,0.003988504409790039
8120,191585,23728,0.0
8130,191585,23728,0.0
8140,191585,23728,0.0
8150,191679,23737,0.0
8160,191680,23737,0.003988504409790039
8170,191680,23737,0.0
8180,191682,23738,0.0
8190,191682,23738,0.0
8200,191686,23738,0.0
8210,191762,23756,0.0
8220,191763,23756,0.0
8230,191763,23756,0.003988504409790039
8240,191765,23756,0.0
8250,191765,23756,0.0
8260,191766,23756,0.0
8270,191767,23756,0.0
8280,191767,23756,0.0
8290,191887,23760,0.0
8300,191904,23761,0.0
8310,191904,23761,0.003988504409790039
8320,191904,23761,0.0
8330,192047,23768,0.0
8340,192047,23768,0.0
8350,192047,23768,0.0
8360,192075,23768,0.003988504409790039
8370,192075,23768,0.0
8380,192075,23768,0.0
8390,192075,23768,0.0
8400,192077,23768,0.0
8410,192077,23768,0.0
8420,192077,23768,0.0
8430,192147,23774,0.0
8440,192147,23774,0.003988504409790039
8450,192147,23774,0.0
8460,192147,23774,0.0
8470,192147,23774,0.0
8480,192200,23775,0.0
8490,192204,23775,0.0
8500,192204,23775,0.003988504409790039
8510,192217,23775,0.0
8520,192218,23775,0.0
8530,192218,23775,0.0
8540,192262,23778,0.0
8550,192262,23778,0.0
8560,192262,23778,0.003988504409790039
8570,192262,23778,0.0
8580,192279,23779,0.0
8590,192279,23779,0.0
8600,192294,23779,0.0
8610,192378,23786,0.0
8620,192378,23786,0.003988504409790039
8630,192378,23786,0.0
8640,192378,23786,0.0
8650,192432,23792,0.0
8660,192432,23792,0.0
8670,192432,23792,0.003988742828369141
8680,192432,23792,0.0
8690,192438,23792,0.0
8700,192438,23792,0.0
8710,192438,23792,0.0
8720,192438,23792,0.003988504409790039
8730,192439,23792,0.0
8740,192482,23794,0.0
8750,192482,23794,0.0
8760,192515,23795,0.0
8770,192515,23795,0.003988504409790039
8780,192517,23795,0.0
8790,192519,23795,0.0
8800,192519,23795,0.0
8810,192519,23795,0.0
8820,192544,23795,0.0
8830,192544,23795,0.003988504409790039
8840,192567,23795,0.0
8850,192569,23795,0.0
8860,192571,23795,0.0
8870,192574,23795,0.0
8880,192574,23795,0.0
8890,192574,23795,0.0
8900,192583,23795,0.003988504409790039
8910,192583,23795,0.0
8920,192583,23795,0.0
8930,192583,23795,0.0
8940,192596,23795,0.0
8950,192596,23795,0.0
8960,192602,23795,0.003988504409790039
8970,192604,23795,0.0
8980,192604,23795,0.0
8990,192756,23804,0.0
9000,192756,23804,0.0
9010,192798,23806,0.003988504409790039
9020,192798,23806,0.0
9030,192798,23806,0.0
9040,192798,23806,0.0
9050,192814,23806,0.0
9060,192889,23807,0.0
9070,192918,23807,0.0
9080,192919,23807,0.003988504409790039
9090,192919,23807,0.0
9100,193002,23812,0.0
9110,193006,23812,0.0
9120,193006,23812,0.0
9130,193063,23813,0.0
9140,193063,23813,0.0
9150,193063,23813,0.0
9160,193098,23813,0.0
9170,193122,23819,0.0
9180,193133,23820,0.0
9190,193133,23820,0.003988504409790039
9200,193157,23820,0.0
9210,193162,23821,0.0
9220,193162,23821,0.0
9230,193165,23821,0.0
9240,193165,23821,0.0
9250,193165,23821,0.0
9260,193165,23821,0.0
9270,193165,23821,0.0
9280,193165,23821,0.0
9290,193188,23822,0.0
9300,193188,23822,0.003988504409790039
9310,193188,23822,0.0
9320,193188,23822,0.0
9330,193201,23824,0.0
9340,193206,23824,0.0
9350,193213,23824,0.0
9360,193213,23824,0.0
9370,193213,23824,0.0
9380,193215,23824,0.0
9390,193217,23824,0.0
9400,193217,23824,0.003988504409790039
9410,193219,23824,0.0
9420,193219,23824,0.0
9430,193219,23824,0.0
9440,193219,23824,0.0
9450,193220,23824,0.0
9460,193220,23824,0.0
9470,193251,23824,0.0
9480,193251,23824,0.0
9490,193257,23824,0.0
9500,193260,23824,0.0
9510,193260,23824,0.003988504409790039
9520,193260,23824,0.0
9530,193260,23824,0.0
9540,193260,23824,0.0
9550,193260,23824,0.0
9560,193263,23824,0.0
9570,193263,23824,0.0
9580,193263,23824,0.0
9590,193263,23824,0.0
9600,193271,23824,0.0
9610,193273,23824,0.003988504409790039
9620,193282,23824,0.0
9630,193282,23824,0.0
9640,193289,23824,0.0
9650,193293,23824,0.0
9660,193293,23824,0.0
9670,193293,23824,0.0
9680,193295,23824,0.0
9690,193365,23837,0.0
9700,193379,23837,0.0
9710,193381,23837,0.0
9720,193389,23837,0.0
9730,193393,23837,0.0
9740,193393,23837,0.0
9750,193412,23838,0.0
9760,193413,23838,0.0
9770,193413,23838,0.0
9780,193414,23838,0.0
9790,193414,23838,0.0
9800,193466,23839,0.0
9810,193466,23839,0.003988504409790039
9820,193466,23839,0.0
9830,193483,23839,0.0
9840,193483,23839,0.0
9850,193483,23839,0.0
9860,193483,23839,0.0
9870,193483,23839,0.0
9880,193490,23839,0.0
9890,193509,23839,0.0
9900,193753,23852,0.0
9910,193759,23852,0.0
9920,193792,23857,0.0
9930,193792,23857,0.0
9940,195405,24049,0.0
9950,195417,24050,0.0
9960,195417,24050,0.0
9970,195427,24051,0.0
9980,195427,24051,0.0
9990,195427,24051,0.0
10000,195456,24053,0.0
10010,195456,24053,0.003988504409790039
10020,195456,24053,0.0
10030,195456,24053,0.0
10040,195465,24054,0.0
10050,195465,24054,0.0
10060,195466,24054,0.0
10070,195493,24055,0.0
10080,195548,24056,0.0
10090,195603,24059,0.0
10100,195606,24059,0.0
10110,195648,24059,1575594.4129662514
10120,195648,24059,-0.15199923515319824
10130,195669,24059,-0.08799934387207031
10140,195669,24059,0.12799930572509766
10150,195679,24059,0.13199925422668457
10160,195681,24059,0.03599977493286133
10170,195681,24059,-0.03599977493286133
10180,195681,24059,-0.3999979496002197
10190,195684,24059,0.26799869537353516
10200,195684,24059,0.011999845504760742
10210,195685,24059,0.1719989776611328
10220,195685,24059,-0.32399821281433105
10230,195685,24059,0.331998348236084
10240,195685,24059,-0.5159974098205566
10250,195685,24059,0.5759968757629395
10260,195685,24059,-0.07999944686889648
10270,195685,24059,0.04799962043762207
10280,195685,24059,-0.4279975891113281
10290,195685,24059,-0.011999845504760742
10300,195689,24059,0.2879984378814697
10310,195689,24059,-0.1959989070892334
10320,195752,24060,0.051999568939208984
10330,195752,24060,0.21199893951416016
10340,195774,24060,-0.3959980010986328
10350,195780,24060,-0.03999972343444824
10360,195789,24060,0.49599742889404297
10370,195789,24060,0.06399965286254883
10380,195789,24060,-0.49599742889404297
10390,195789,24060,0.03599977493286133
10400,195789,24060,0.09599947929382324
10410,195789,24060,0.3439981937408447
10420,195789,24060,-0.4239976406097412
10430,195789,24060,-0.0279998779296875
10440,195789,24060,0.03599977493286133
10450,195789,24060,0.3319981098175049
10460,195789,24060,-0.06399965286254883
10470,195796,24060,0.004000186920166016
10480,195814,24060,-0.29999852180480957
10490,195817,24060,-0.09199953079223633
10500,195820,24060,0.4239978790283203
10510,195821,24060,0.15199899673461914
10520,195823,24060,-0.4759974479675293
10530,195831,24060,0.40799784660339355
10540,195847,24060,-0.3439981937408447
10550,195856,24060,0.37599802017211914
10560,195856,24060,-0.46399736404418945
10570,195858,24060,0.3679978847503662
10580,195858,24060,0.0
10590,195881,24060,0.11199951171875
10600,195918,24061,0.007999897003173828
10610,195918,24061,-0.09999942779541016
10620,195918,24061,-0.08799958229064941
10630,195922,24061,0.12799930572509766
10640,195933,24061,0.051999807357788086
10650,195935,24061,-0.21599888801574707
10660,195935,24061,-0.10399937629699707
10670,196077,24069,0.03999972343444824
10680,196083,24069,-0.019999980926513672
10690,196083,24069,0.275998592376709
10700,196083,24069,-0.2519986629486084
10710,196083,24069,0.0
10720,196083,24069,0.275998592376709
10730,196083,24069,-0.43199777603149414
10740,196090,24069,0.31999826431274414
10750,196090,24069,-0.0839993953704834
10760,196141,24069,0.06399965286254883
10770,196141,24069,0.06399965286254883
10780,196141,24069,-0.2799985408782959
10790,196141,24069,0.03599977493286133
10800,196141,24069,0.07999944686889648
10810,196141,24069,0.055999755859375
10820,196175,24071,-0.2839984893798828
10830,196202,24072,0.275998592376709
10840,196247,24073,-0.275998592376709
10850,196247,24073,-0.0839993953704834
10860,196247,24073,0.059999704360961914
10870,196247,24073,0.0
10880,196247,24073,0.2599985599517822
10890,196247,24073,-0.3079984188079834
10900,196252,24073,0.2519986629486084
10910,196252,24073,0.29599833488464355
10920,196260,24073,-0.1679990291595459
10930,196260,24073,0.10399937629699707
10940,196260,24073,-0.15999913215637207
10950,196260,24073,0.11199951171875
10960,196260,24073,0.007999897003173828
10970,196260,24073,-0.011999845504760742
10980,196264,24073,0.0839993953704834
10990,196264,24073,-0.3119983673095703
11000,196264,24073,-0.16399908065795898
11010,196275,24073,0.11199951171875
11020,196275,24073,-0.007999897003173828
11030,196275,24073,0.23599863052368164
11040,196275,24073,-0.2279987335205078
11050,196311,24073,0.007999897003173828
11060,196311,24073,0.15199923515319824
11070,196311,24073,-0.23199868202209473
11080,196311,24073,-0.0839996337890625
11090,196312,24073,0.3639979362487793
11100,196312,24073,0.08799958229064941
11110,196312,24073,-0.11599946022033691
11120,196312,24073,-0.2879984378814697
11130,196312,24073,-0.01999974250793457
11140,196314,24073,0.23999857902526855
11150,196326,24073,0.039999961853027344
11160,196340,24074,-0.29199862480163574
11170,196340,24074,0.43999767303466797
11180,196340,24074,-0.3599979877471924
11190,196340,24074,0.04799962043762207
11200,196340,24074,0.23599886894226074
11210,196340,24074,0.051999568939208984
11220,196356,24074,-0.3999977111816406
11230,196356,24074,0.12799930572509766
11240,196356,24074,0.24799871444702148
11250,196356,24074,0.09199953079223633
11260,196356,24074,-0.19199895858764648
11270,196356,24074,-0.03600001335144043
11280,196412,24075,-0.0279996395111084
11290,196412,24075,-0.26799869537353516
11300,196412,24075,-0.011999845504760742
11310,196414,24075,0.2279987335205078
11320,196441,24077,-0.20399880409240723
11330,196441,24077,0.32399821281433105
11340,196445,24077,0.04799962043762207
11350,196445,24077,0.18799901008605957
11360,196445,24077,-0.5759968757629395
11370,196447,24077,0.1679990291595459
11380,196448,24077,-0.18399882316589355
11390,196448,24077,0.17599892616271973
11400,196463,24077,0.4199976921081543
11410,196801,24091,-0.543997049331665
11420,196801,24091,0.49599742889404297
11430,196801,24091,-0.13599944114685059
11440,196839,24091,-0.12399911880493164
11450,196855,24091,-0.21199893951416016
11460,196855,24091,0.1439990997314453
11470,196858,24091,0.06799983978271484
11480,196898,24091,0.01999974250793457
11490,196898,24091,-0.16399908065795898
11500,196898,24091,0.2799985408782959
11510,196900,24091,0.1719989776611328
11520,196900,24091,-0.21199870109558105
11530,196900,24091,-0.29199862480163574
11540,196901,24091,0.5039973258972168
11550,196902,24091,-0.07599949836730957
11560,196906,24091,-0.43999767303466797
11570,196906,24091,0.24799871444702148
11580,196906,24091,-0.12799930572509766
11590,196911,24091,0.3919978141784668
11600,196944,24092,-0.15599918365478516
11610,196944,24092,0.09199953079223633
11620,196948,24092,-0.10799932479858398
11630,196951,24092,0.015999794006347656
11640,196951,24092,0.15199923515319824
11650,196951,24092,-0.5639970302581787
11660,196987,24093,0.2239987850189209
11670,196987,24093,-0.09199953079223633
11680,197004,24094,-0.007999897003173828
11690,197010,24094,0.13199925422668457
11700,197012,24094,-0.031999826431274414
11710,197012,24094,-0.09999942779541016
11720,197012,24094,0.3079984188079834
11730,197012,24094,0.055999755859375
11740,197014,24094,0.03599977493286133
11750,197014,24094,-0.11599946022033691
11760,197014,24094,-0.03599977493286133
11770,197014,24094,-0.26399850845336914
11780,197014,24094,-0.06799960136413574
11790,197014,24094,0.043999671936035156
11800,197017,24094,0.45999741554260254
11810,197017,24094,-0.0559995174407959
11820,197017,24094,-0.23599886894226074
11830,197057,24095,0.0279998779296875
11840,197057,24095,0.23199868202209473
11850,197156,24099,-0.011999845504760742
11860,197162,24099,-0.23599863052368164
11870,197162,24099,-0.2559986114501953
11880,197162,24099,0.03999972343444824
11890,197237,24120,0.0839993953704834
11900,197237,24120,0.07599973678588867
11910,197238,24120,0.01999974250793457
11920,197238,24120,0.29199862480163574
11930,197238,24120,-0.4439976215362549
11940,197238,24120,0.43599748611450195
11950,197238,24120,-0.10399937629699707
11960,197238,24120,-0.26799845695495605
11970,197254,24121,0.07599949836730957
11980,197264,24121,0.17599916458129883
11990,197264,24121,-0.17999911308288574
12000,197266,24121,0.32799816131591797
12010,197266,24121,-0.5519969463348389
12020,197275,24121,0.18399906158447266
12030,197304,24121,0.3399980068206787
12040,197304,24121,-0.5279970169067383
12050,197307,24121,0.49199724197387695
12060,197307,24121,-0.3319981098175049
12070,197307,24121,0.2879984378814697
12080,197307,24121,-0.3639981746673584
12090,197307,24121,0.40399789810180664
12100,197309,24121,-0.007999897003173828
12110,197309,24121,-0.23599886894226074
12120,197309,24121,-0.06399965286254883
12130,197309,24121,0.12399935722351074
12140,197311,24121,-0.1119992733001709
12150,197315,24121,0.1399991512298584
12160,197315,24121,-0.11599922180175781
12170,197315,24121,0.26399850845336914
12180,197366,24125,0.10799932479858398
12190,197366,24125,-0.051999568939208984
12200,197366,24125,-0.5039973258972168
12210,197366,24125,0.3919978141784668
12220,197366,24125,0.12799930572509766
12230,197366,24125,0.016000032424926758
12240,197366,24125,-0.17199921607971191
12250,197372,24125,-0.17999887466430664
12260,197437,24129,0.09999942779541016
12270,197509,24140,-0.0279998779296875
12280,197512,24140,-0.04799985885620117
12290,197514,24140,0.20799899101257324
12300,197524,24140,-0.055999755859375
12310,197529,24140,-0.3359980583190918
12320,197577,24142,0.4519975185394287
12330,197577,24142,-0.18799901008605957
12340,197590,24142,0.11999940872192383
12350,197593,24142,-0.04399991035461426
12360,197596,24142,0.0279998779296875
12370,197596,24142,-0.16399908065795898
12380,197596,24142,0.0839996337890625
12390,197598,24142,-0.055999755859375
12400,197602,24142,-0.18399906158447266
12410,197609,24142,0.3439981937408447
12420,197609,24142,0.11999940872192383
12430,197613,24142,-0.3359982967376709
12440,197613,24142,-0.11599946022033691
12450,197620,24142,0.12399935722351074
12460,197620,24142,0.32799839973449707
12470,197620,24142,-0.3679981231689453
12480,197621,24142,-0.09999942779541016
12490,197621,24142,0.03999972343444824
12500,197624,24142,0.3159983158111572
12510,197624,24142,0.043999671936035156
12520,197624,24142,-0.49199724197387695
12530,197624,24142,0.5599970817565918
12540,197629,24142,-0.23599886894226074
12550,197629,24142,0.012000083923339844
12560,197629,24142,0.17999887466430664
12570,197629,24142,-0.03999972343444824
12580,197629,24142,-0.04799985885620117
12590,197629,24142,0.07199978828430176
12600,197629,24142,-0.15599918365478516
12610,197629,24142,-0.2559986114501953
12620,197629,24142,0.15999913215637207
12630,197629,24142,-0.20399904251098633
12640,197653,24142,0.11199951171875
12650,197653,24142,0.29599833488464355
12660,197653,24142,0.031999826431274414
12670,197661,24143,-0.32399821281433105
12680,197666,24143,0.09199953079223633
12690,197666,24143,0.15999913215637207
12700,197666,24143,-0.13599920272827148
12710,197668,24143,-0.04399991035461426
12720,197723,24145,0.2799985408782959
12730,197723,24145,-0.4199976921081543
12740,197724,24145,0.10399937629699707
12750,197735,24145,0.35599803924560547
12760,197735,24145,-0.37599778175354004
12770,197735,24145,-0.13199949264526367
12780,197736,24146,0.40399789810180664
12790,197736,24146,-0.3719980716705322
12800,197736,24146,0.27199864387512207
12810,197736,24146,-0.24799871444702148
12820,197760,24150,-0.09199953079223633
12830,197775,24150,0.19999909400939941
12840,197796,24150,-0.20799899101257324
12850,197796,24150,0.4839973449707031
12860,197796,24150,-0.18799901008605957
12870,197796,24150,-0.15199899673461914
12880,197796,24150,0.3399980068206787
12890,197796,24150,-0.09999942779541016
12900,197815,24150,0.016000032424926758
12910,197815,24150,-0.34799814224243164
12920,197816,24150,0.23599863052368164
12930,197822,24150,0.07599949836730957
12940,197822,24150,0.00800013542175293
12950,197826,24150,-0.23199892044067383
12960,197841,24153,-0.13599920272827148
12970,197848,24153,0.4439976215362549
12980,197856,24153,-0.09999942779541016
12990,197856,24153,-0.24399876594543457
13000,197856,24153,0.012000083923339844
13010,197856,24153,0.06399965286254883
13020,197857,24153,0.1439990997314453
13030,197874,24153,0.15199923515319824
13040,197892,24153,-0.23199868202209473
13050,197895,24153,0.17999887466430664
13060,197997,24162,-0.059999704360961914
13070,198008,24162,0.09999966621398926
13080,198016,24162,-0.0839996337890625
13090,198016,24162,0.07199954986572266
13100,198036,24162,-0.023999929428100586
13110,198048,24162,-0.18399882316589355
13120,198048,24162,-0.18399906158447266
13130,198048,24162,0.4159977436065674
13140,198048,24162,-0.08799958229064941
13150,198049,24162,-0.35599803924560547
13160,198049,24162,0.1399991512298584
13170,198049,24162,0.22799897193908691
13180,198049,24162,-0.3359982967376709
13190,198049,24162,-0.051999807357788086
13200,198050,24163,0.15999913215637207
13210,198050,24163,0.11199951171875
13220,198050,24163,-0.019999980926513672
13230,198050,24163,-0.08799934387207031
13240,198050,24163,0.31999826431274414
13250,198058,24163,-0.24799871444702148
13260,198061,24163,0.2279987335205078
13270,198061,24163,-0.055999755859375
13280,198061,24163,0.0839996337890625
13290,198066,24163,-0.11199951171875
13300,198066,24163,0.12799930572509766
13310,198070,24163,-0.2799983024597168
13320,198070,24163,0.24799847602844238
13330,198070,24163,0.06799960136413574
13340,198070,24163,-0.24799847602844238
13350,198083,24163,-0.275998592376709
13360,198083,24163,0.051999807357788086
13370,198083,24163,0.4719972610473633
13380,198083,24163,-0.11599922180175781
13390,198083,24163,-0.29199838638305664
13400,198083,24163,-0.07599973678588867
13410,198083,24163,0.012000083923339844
13420,198086,24163,0.0559995174407959
13430,198086,24163,0.4239978790283203
13440,198086,24163,-0.15999913215637207
13450,198086,24163,-0.00800013542175293
13460,198095,24163,0.0839996337890625
13470,198129,24172,-0.055999755859375
13480,198129,24172,-0.43999743461608887
13490,198129,24172,0.48799729347229004
13500,198144,24173,-0.2839984893798828
13510,198144,24173,-0.1679990291595459
13520,198144,24173,0.49599719047546387
13530,198145,24173,-0.4759974479675293
13540,198145,24173,0.3999979496002197
13550,198158,24173,0.10799932479858398
13560,198158,24173,-0.08799958229064941
13570,198158,24173,0.0279998779296875
13580,198158,24173,-0.2559986114501953
13590,198159,24173,0.32799839973449707
13600,198174,24176,-0.2839984893798828
13610,198174,24176,0.15599918365478516
13620,198180,24176,-0.15199923515319824
13630,198180,24176,-0.24399876594543457
13640,198184,24176,0.49599742889404297
13650,198307,24180,-0.20799899101257324
13660,198317,24180,-0.23199868202209473
13670,198317,24180,0.13199925422668457
13680,198323,24180,0.09599947929382324
13690,198323,24180,0.04799985885620117
13700,198323,24180,0.12799930572509766
13710,198337,24180,-0.2799985408782959
13720,198341,24180,0.031999826431274414
13730,198342,24180,-0.18799901008605957
13740,198342,24180,0.12799930572509766
13750,198352,24180,0.09199953079223633
13760,198352,24180,0.08799958229064941
13770,198352,24180,-0.3639981746673584
13780,198352,24180,0.43999767303466797
13790,198352,24180,-0.21999883651733398
13800,198366,24180,0.11199951171875
13810,198366,24180,-0.07199978828430176
13820,198367,24180,0.14799928665161133
13830,198367,24180,-0.29599833488464355
13840,198369,24180,0.13199925422668457
13850,198369,24180,0.3159983158111572
13860,198380,24181,-0.5799968242645264
13870,198381,24181,0.07199954986572266
13880,198385,24181,0.29199838638305664
13890,198385,24181,0.03599977493286133
13900,198385,24181,-0.2279987335205078
13910,198402,24181,-0.09999942779541016
13920,198423,24183,0.3159983158111572
13930,198423,24183,0.10399937629699707
13940,198423,24183,-0.3679981231689453
13950,198423,24183,0.40399789810180664
13960,198432,24183,-0.2799985408782959
13970,198432,24183,0.023999929428100586
13980,198432,24183,-0.15599918365478516
13990,198432,24183,0.12799930572509766
14000,198463,24187,-0.10799932479858398
14010,198463,24187,0.21999883651733398
14020,198463,24187,-0.18799901008605957
14030,198463,24187,-0.016000032424926758
14040,198463,24187,-0.003999948501586914
14050,198463,24187,-0.06799960136413574
14060,198463,24187,0.27199864387512207
14070,198463,24187,-0.3399982452392578
14080,198463,24187,0.09999942779541016
14090,198463,24187,0.13199925422668457
14100,198463,24191,0.26399850845336914
14110,198486,24192,-0.45999741554260254
14120,198486,24192,0.09599947929382324
14130,198486,24192,-0.023999929428100586
14140,198486,24192,0.09199953079223633
14150,198494,24192,0.2239987850189209
14160,198494,24192,-0.20399880409240723
14170,198494,24192,0.24399852752685547
14180,198494,24192,0.11599946022033691
14190,198494,24192,-0.1399991512298584
14200,198494,24192,-0.12399935722351074
14210,198502,24192,0.1999988555908203
14220,198502,24192,-0.13599920272827148
14230,198504,24192,0.18399906158447266
14240,198515,24193,-0.29599857330322266
14250,198515,24193,0.18799901008605957
14260,198515,24193,-0.16399908065795898
14270,198515,24193,-0.23199868202209473
14280,198515,24193,0.27199840545654297
14290,198515,24193,0.13599944114685059
14300,198515,24193,-0.22799897193908691
14310,198515,24193,0.039999961853027344
14320,198515,24193,0.2559986114501953
14330,198515,24193,-0.031999826431274414
14340,198517,24193,-0.07999968528747559
14350,198517,24193,-0.32799816131591797
14360,198517,24193,0.48799729347229004
14370,198517,24193,-0.4199976921081543
14380,198517,24193,0.3399982452392578
14390,198517,24193,-0.24399876594543457
14400,198517,24193,0.21599888801574707
14410,198518,24193,-0.21999883651733398
14420,198518,24193,-0.10399937629699707
14430,198518,24193,0.2279987335205078
14440,198535,24196,-0.20799899101257324
14450,198535,24196,0.13599944114685059
14460,198535,24196,0.12399911880493164
14470,198556,24196,-0.4519975185394287
14480,198557,24196,0.24799871444702148
14490,198565,24196,0.27199864387512207
14500,198569,24196,0.031999826431274414
14510,198574,24196,-0.019999980926513672
14520,198574,24196,-0.3679981231689453
14530,198574,24196,0.38399791717529297
14540,198574,24196,-0.5239970684051514
14550,198574,24196,0.275998592376709
14560,198577,24196,-0.12399935722351074
14570,198632,24200,-0.12799930572509766
14580,198654,24203,0.3359980583190918
14590,198654,24203,-0.29999828338623047
14600,198654,24203,0.37599802017211914
14610,198654,24203,-0.37599802017211914
14620,198654,24203,-0.031999826431274414
14630,198654,24203,0.46399736404418945
14640,198671,24203,0.06799983978271484
14650,198671,24203,-0.5239973068237305
14660,198692,24203,0.29199838638305664
14670,198692,24203,0.1399993896484375
14680,198692,24203,-0.23599886894226074
14690,198702,24203,0.016000032424926758
14700,198704,24203,0.23599863052368164
14710,198704,24203,-0.24799871444702148
14720,198706,24203,0.29199862480163574
14730,198707,24203,-0.29599857330322266
14740,198720,24205,0.3359982967376709
14750,198720,24205,-0.5239973068237305
14760,198720,24205,0.5159974098205566
14770,198745,24206,0.0
14780,198745,24206,-0.4559977054595947
14790,198751,24206,0.016000032424926758
14800,198754,24206,-0.09599947929382324
14810,198754,24206,0.1399991512298584
14820,198792,24208,-0.06399965286254883
14830,198792,24208,0.2599985599517822
14840,198792,24208,-0.043999671936035156
14850,198792,24208,-0.03999972343444824
14860,198792,24208,-0.08799958229064941
14870,198792,24208,0.2839984893798828
14880,198794,24208,-0.27199864387512207
14890,198794,24208,0.016000032424926758
14900,198794,24208,-0.15599918365478516
14910,198794,24208,0.40799784660339355
14920,198794,24208,0.011999845504760742
14930,198814,24210,0.07599949836730957
14940,198835,24210,-0.18799877166748047
14950,198837,24210,-0.09599947929382324
14960,198837,24210,0.2799983024597168
14970,198849,24210,-0.5319969654083252
14980,198896,24211,0.2559986114501953
14990,198960,24214,0.1719989776611328
15000,198978,24215,-0.29199838638305664
15010,199129,24223,-0.16399908065795898
15020,199129,24223,0.5159971714019775
15030,199129,24223,-0.16399908065795898
15040,199156,24223,-0.23199868202209473
15050,199223,24226,0.21599864959716797
15060,199223,24226,-0.26799845695495605
15070,199230,24226,0.09999942779541016
15080,199231,24226,0.03999972343444824
15090,199231,24226,0.019999980926513672
15100,199231,24226,0.19199895858764648
15110,199231,24226,-0.3919978141784668
15120,199231,24226,0.3919978141784668
15130,199272,24227,-0.07199954986572266
15140,199272,24227,-0.3079984188079834
15150,199272,24227,0.14399933815002441
15160,199272,24227,-0.08799958229064941
15170,199272,24227,0.40399765968322754
15180,199279,24227,-0.43599748611450195
15190,199454,24254,0.2799985408782959
15200,199456,24254,-0.18399906158447266
15210,199456,24254,0.18399906158447266
15220,199462,24254,-0.32799839973449707
15230,199462,24254,0.0279998779296875
15240,199462,24254,0.547996997833252
15250,199462,24254,-0.4519975185394287
15260,199462,24254,0.3079984188079834
15270,199476,24254,-0.11599946022033691
15280,199489,24254,0.0839996337890625
15290,199496,24255,-0.40399789810180664
15300,199496,24255,0.4999973773956299
15310,199496,24255,-0.023999929428100586
15320,199499,24255,0.043999671936035156
15330,199499,24255,-0.17999887466430664
15340,199512,24257,0.1959989070892334
15350,199512,24257,-0.016000032424926758
15360,199512,24257,-0.04799962043762207
15370,199513,24257,-0.10799932479858398
15380,199513,24257,-0.27199864387512207
15390,199513,24257,0.019999980926513672
15400,199513,24257,0.2839984893798828
15410,199513,24257,-0.09999966621398926
15420,199513,24257,0.24799871444702148
15430,199517,24257,-0.3679978847503662
15440,199517,24257,0.19199895858764648
15450,199517,24257,-0.26799869537353516
15460,199517,24257,-0.07199954986572266
15470,199521,24257,0.059999704360961914
15480,199534,24257,0.2519986629486084
15490,199534,24257,-0.2879984378814697
15500,199537,24257,0.3439981937408447
