10,19149,4927,0.01602792739868164
20,20142,5037,0.01602792739868164
30,21076,5221,0.01602792739868164
40,21190,5235,0.01602792739868164
50,21994,5379,0.0200350284576416
60,22145,5388,0.0200350284576416
70,22312,5416,0.0200350284576416
80,22485,5435,0.0200350284576416
90,22539,5448,0.0200350284576416
100,25049,5866,0.0200350284576416
110,25762,5968,1576048.901050806
120,26143,6015,0.0200350284576416
130,26187,6018,0.0200350284576416
140,26297,6049,0.02404189109802246
150,26348,6058,0.02404189109802246
160,26348,6058,0.02404189109802246
170,30766,6485,0.02404189109802246
180,30776,6486,0.02804875373840332
190,30780,6486,0.02804875373840332
200,30828,6489,0.02804875373840332
210,30845,6491,0.03205585479736328
220,30848,6491,0.03205585479736328
230,30852,6491,0.03205585479736328
240,30922,6500,0.03205585479736328
250,30928,6500,0.03606271743774414
260,31035,6514,0.03606271743774414
270,31035,6514,0.03606271743774414
280,31035,6514,0.03606271743774414
290,31041,6514,0.0400698184967041
300,31046,6514,0.0400698184967041
310,31046,6514,0.0400698184967041
320,31051,6514,0.0400698184967041
330,31051,6514,0.04407668113708496
340,31070,6515,0.04407668113708496
350,31081,6515,0.04407668113708496
360,31081,6515,0.04407668113708496
370,31132,6523,0.04808378219604492
380,31148,6523,0.04808378219604492
390,31148,6523,0.04808378219604492
400,31164,6526,0.04808378219604492
410,31164,6526,0.05209064483642578
420,31169,6526,0.05209064483642578
430,31193,6530,0.05209064483642578
440,31281,6574,0.05209064483642578
450,31281,6574,0.05609774589538574
460,31281,6574,0.05609774589538574
470,31281,6574,0.05609774589538574
480,31281,6574,0.05609774589538574
490,31283,6574,0.05609774589538574
500,31526,6649,0.0601046085357666
510,31556,6652,0.0601046085357666
520,31556,6652,0.0601046085357666
530,31556,6652,0.0601046085357666
540,31562,6652,0.06411170959472656
550,31675,6660,0.0601046085357666
560,31688,6660,0.06411170959472656
570,32383,6777,0.06411170959472656
580,32387,6777,0.06411170959472656
590,32387,6777,0.06811857223510742
600,32390,6777,0.06811857223510742
610,32395,6777,0.06811857223510742
620,32395,6777,0.06811857223510742
630,32395,6777,0.07212567329406738
640,32438,6782,0.07212567329406738
650,32438,6782,0.07212567329406738
660,32438,6782,0.07212567329406738
670,32438,6782,0.07212567329406738
680,32631,6815,0.07613253593444824
690,32631,6815,0.07613253593444824
700,32631,6815,0.07613253593444824
710,32632,6815,0.07613253593444824
720,32632,6815,0.0801396369934082
730,32632,6815,0.0801396369934082
740,32632,6815,0.0801396369934082
750,32633,6815,0.0801396369934082
760,32886,6847,0.08414649963378906
770,32887,6847,0.08414649963378906
780,32887,6847,0.08414649963378906
790,32887,6847,0.08414649963378906
800,32893,6847,0.08815336227416992
810,32898,6847,0.08815336227416992
820,32899,6847,0.08815336227416992
830,32899,6847,0.09216046333312988
840,32899,6847,0.09216046333312988
850,32902,6847,0.09216046333312988
860,32902,6847,0.09216046333312988
870,32961,6850,0.09616732597351074
880,32961,6850,0.09616732597351074
890,32975,6850,0.09616732597351074
900,33128,6887,0.1001744270324707
910,33128,6887,0.1001744270324707
920,33128,6887,0.1001744270324707
930,33157,6889,0.1001744270324707
940,33157,6889,0.10418128967285156
950,33157,6889,0.10418128967285156
960,33157,6889,0.10418128967285156
970,33172,6891,0.10818839073181152
980,33172,6891,0.10818839073181152
990,33187,6894,0.10818839073181152
1000,33230,6896,0.10818839073181152
1010,33230,6896,0.11219525337219238
1020,33232,6896,1576048.937050581
1030,33234,6896,1576048.5010521412
1040,33255,6898,1576048.901050806
1050,33275,6899,1576048.949050665
1060,34422,6981,1576048.697051525
1070,34468,6988,1576048.5410518646
1080,34525,6993,1576049.0570502281
1090,34525,6993,1576048.4610521793
1100,34532,6993,1576048.6290516853
1110,34532,6993,0.1202092170715332
1120,34534,6993,0.1202092170715332
1130,34534,6993,0.1202092170715332
1140,34534,6993,0.1202092170715332
1150,34534,6993,0.12421631813049316
1160,34535,6993,0.12421631813049316
1170,34569,7001,0.12421631813049316
1180,34569,7001,0.12421631813049316
1190,34571,7001,0.12822318077087402
1200,34576,7001,0.12822318077087402
1210,34576,7001,0.12822318077087402
1220,34576,7001,0.12822318077087402
1230,34584,7001,0.13223028182983398
1240,34621,7003,0.13223028182983398
1250,34621,7003,0.13223028182983398
1260,34621,7003,0.13223028182983398
1270,34639,7003,0.13623714447021484
1280,34659,7006,0.13623714447021484
1290,34659,7006,0.13623714447021484
1300,34659,7006,0.1402442455291748
1310,34659,7006,0.1402442455291748
1320,34659,7006,0.1402442455291748
1330,34659,7006,0.1402442455291748
1340,34659,7006,0.14425110816955566
1350,34659,7006,0.14425110816955566
1360,34659,7006,0.14425110816955566
1370,34659,7006,0.14825797080993652
1380,34659,7006,0.14825797080993652
1390,34659,7006,0.14825797080993652
1400,34693,7006,0.14825797080993652
1410,34697,7006,0.15226507186889648
1420,34697,7006,0.15226507186889648
1430,34697,7006,0.15226507186889648
1440,34713,7006,0.15627193450927734
1450,34714,7006,0.15627193450927734
1460,34714,7006,0.15627193450927734
1470,34714,7006,0.15627193450927734
1480,34714,7006,0.1602790355682373
1490,34719,7007,0.1602790355682373
1500,34723,7007,0.1602790355682373
1510,34723,7007,0.16428589820861816
1520,34723,7007,0.16428589820861816
1530,34723,7007,0.16428589820861816
1540,34723,7007,0.16428589820861816
1550,34728,7007,0.16829299926757812
1560,34728,7007,0.16829299926757812
1570,34757,7008,0.16829299926757812
1580,34757,7008,0.17229986190795898
1590,34757,7008,0.17229986190795898
1600,34757,7008,0.17229986190795898
1610,34757,7008,0.17229986190795898
1620,34757,7008,0.17630696296691895
1630,34757,7008,0.17630696296691895
1640,34757,7008,0.17630696296691895
1650,34757,7008,0.17630696296691895
1660,34757,7008,0.1803138256072998
1670,34757,7008,0.1803138256072998
1680,34757,7008,0.1803138256072998
1690,34757,7008,0.1803138256072998
1700,34757,7008,0.1803138256072998
1710,34757,7008,0.18432092666625977
1720,34757,7008,0.18432092666625977
1730,34757,7008,0.18432092666625977
1740,34757,7008,0.18432092666625977
1750,34757,7008,0.18832778930664062
1760,34768,7009,0.18832778930664062
1770,34768,7009,0.18832778930664062
1780,34801,7012,0.18832778930664062
1790,34801,7012,0.18832778930664062
1800,34801,7012,0.19233489036560059
1810,34805,7013,0.19233489036560059
1820,34805,7013,0.19233489036560059
1830,34805,7013,0.19233489036560059
1840,34805,7013,0.19233489036560059
1850,34805,7013,0.19634175300598145
1860,34813,7013,0.19634175300598145
1870,34814,7013,0.19634175300598145
1880,34814,7013,0.19634175300598145
1890,34814,7013,0.19634175300598145
1900,34814,7013,0.2003488540649414
1910,34814,7013,0.2003488540649414
1920,34814,7013,0.2003488540649414
1930,34833,7015,0.2003488540649414
1940,34846,7016,0.20435571670532227
1950,34846,7016,0.20435571670532227
1960,34846,7016,0.20435571670532227
1970,34846,7016,0.20435571670532227
1980,34846,7016,0.20836281776428223
1990,34846,7016,0.20836281776428223
2000,34846,7016,0.20836281776428223
2010,34846,7016,0.20836281776428223
2020,34846,7016,0.20836281776428223
2030,34873,7021,0.21236968040466309
2040,34874,7021,0.21236968040466309
2050,34874,7021,0.21637654304504395
2060,34874,7021,0.21637654304504395
2070,34877,7021,0.21637654304504395
2080,34877,7021,0.21637654304504395
2090,34877,7021,0.2203836441040039
2100,34877,7021,0.2203836441040039
2110,34877,7021,0.2203836441040039
2120,34877,7021,0.22439050674438477
2130,34877,7021,0.22439050674438477
2140,34877,7021,0.22439050674438477
2150,34877,7021,0.22839760780334473
2160,34877,7021,0.22839760780334473
2170,34881,7021,0.22839760780334473
2180,34885,7021,0.22839760780334473
2190,34900,7023,0.23240447044372559
2200,34900,7023,0.23240447044372559
2210,34900,7023,0.23240447044372559
2220,34900,7023,0.23641157150268555
2230,34900,7023,0.23641157150268555
2240,34900,7023,0.23641157150268555
2250,34928,7026,0.23641157150268555
2260,34928,7026,0.2404184341430664
2270,34928,7026,0.2404184341430664
2280,34928,7026,0.2404184341430664
2290,34928,7026,0.24442553520202637
2300,34928,7026,0.24442553520202637
2310,34928,7026,0.24442553520202637
2320,34928,7026,0.24442553520202637
2330,34929,7026,0.24843239784240723
2340,34984,7027,0.24843239784240723
2350,34989,7027,0.24843239784240723
2360,34990,7027,0.2524394989013672
2370,34990,7027,0.2524394989013672
2380,34990,7027,0.2524394989013672
2390,34990,7027,0.2524394989013672
2400,34990,7027,0.25644636154174805
2410,34990,7027,0.25644636154174805
2420,34991,7027,0.25644636154174805
2430,34991,7027,0.260453462600708
2440,34991,7027,0.260453462600708
2450,34991,7027,0.260453462600708
2460,34991,7027,0.260453462600708
2470,34991,7027,0.26446032524108887
2480,34991,7027,0.26446032524108887
2490,34991,7027,0.26446032524108887
2500,34991,7027,0.26446032524108887
2510,34991,7027,0.26846742630004883
2520,34991,7027,0.26846742630004883
2530,34991,7027,0.26846742630004883
2540,34991,7027,0.2724742889404297
2550,34991,7027,0.2724742889404297
2560,34991,7027,0.2724742889404297
2570,34991,7027,0.27648115158081055
2580,35015,7038,0.27648115158081055
2590,35015,7038,0.27648115158081055
2600,35017,7038,0.27648115158081055
2610,35017,7038,0.2804882526397705
2620,35017,7038,0.2804882526397705
2630,35017,7038,0.2804882526397705
2640,35017,7038,0.2804882526397705
2650,35017,7038,0.28449511528015137
2660,35017,7038,0.28449511528015137
2670,35019,7038,0.28449511528015137
2680,35019,7038,0.28850221633911133
2690,35019,7038,0.28850221633911133
2700,35041,7039,0.28850221633911133
2710,35041,7039,0.28850221633911133
2720,35041,7039,0.2925090789794922
2730,35041,7039,0.2925090789794922
2740,35047,7040,0.2925090789794922
2750,35047,7040,0.2925090789794922
2760,35078,7040,0.29651618003845215
2770,35078,7040,0.29651618003845215
2780,35082,7040,0.29651618003845215
2790,35082,7040,0.29651618003845215
2800,35082,7040,0.29651618003845215
2810,35082,7040,0.300523042678833
2820,35082,7040,0.300523042678833
2830,35082,7040,0.300523042678833
2840,35082,7040,0.300523042678833
2850,35082,7040,0.30453014373779297
2860,35082,7040,0.30453014373779297
2870,35082,7040,0.30453014373779297
2880,35082,7040,0.30453014373779297
2890,35123,7041,0.30453014373779297
2900,35144,7043,0.30853700637817383
2910,35144,7043,0.30853700637817383
2920,35144,7043,0.30853700637817383
2930,35144,7043,0.30853700637817383
2940,35144,7043,0.30853700637817383
2950,35144,7043,0.3125441074371338
2960,35152,7044,0.3125441074371338
2970,36089,7183,0.3125441074371338
2980,36089,7183,0.3125441074371338
2990,36089,7183,0.31655097007751465
3000,36090,7183,0.31655097007751465
3010,36090,7183,0.31655097007751465
3020,36090,7183,0.3205580711364746
3030,36090,7183,0.3205580711364746
3040,36091,7183,0.3205580711364746
3050,36091,7183,0.32456493377685547
3060,36091,7183,0.32456493377685547
3070,36091,7183,0.32456493377685547
3080,36091,7183,0.32456493377685547
3090,36091,7183,0.32857203483581543
3100,36093,7183,0.32857203483581543
3110,36093,7183,0.32857203483581543
3120,36093,7183,0.3325788974761963
3130,36093,7183,0.3325788974761963
3140,36094,7183,0.3325788974761963
3150,36143,7187,0.33658576011657715
3160,36287,7198,0.33658576011657715
3170,36287,7198,0.33658576011657715
3180,36287,7198,0.33658576011657715
3190,36287,7198,0.3405928611755371
3200,36287,7198,0.3405928611755371
3210,36287,7198,0.3405928611755371
3220,36287,7198,0.3405928611755371
3230,36287,7198,0.34459972381591797
3240,36288,7198,0.34459972381591797
3250,36288,7198,0.34459972381591797
3260,36288,7198,0.34459972381591797
3270,36288,7198,0.34459972381591797
3280,36288,7198,0.34860682487487793
3290,36288,7198,0.34860682487487793
3300,36320,7199,0.34860682487487793
3310,36326,7200,0.34860682487487793
3320,36327,7200,0.3526136875152588
3330,36327,7200,0.3526136875152588
3340,36327,7200,0.3526136875152588
3350,36327,7200,0.3526136875152588
3360,36327,7200,0.35662078857421875
3370,36327,7200,0.35662078857421875
3380,36332,7200,0.35662078857421875
3390,36332,7200,0.3606276512145996
3400,36332,7200,0.3606276512145996
3410,36332,7200,0.3606276512145996
3420,36335,7200,0.3606276512145996
3430,36337,7200,0.36463475227355957
3440,36337,7200,0.36463475227355957
3450,36337,7200,0.36463475227355957
3460,36340,7201,0.36463475227355957
3470,36340,7201,0.36864161491394043
3480,36341,7201,0.36864161491394043
3490,36341,7201,0.36864161491394043
3500,36341,7201,0.36864161491394043
3510,36341,7201,0.36864161491394043
3520,36342,7201,0.3726487159729004
3530,36343,7201,0.3726487159729004
3540,36343,7201,0.3726487159729004
3550,36363,7202,0.3726487159729004
3560,36363,7202,0.37665557861328125
3570,36363,7202,0.37665557861328125
3580,36365,7202,0.37665557861328125
3590,36365,7202,0.37665557861328125
3600,36469,7210,0.3806626796722412
3610,36469,7210,0.3806626796722412
3620,36479,7210,0.3806626796722412
3630,36479,7210,0.38466954231262207
3640,36480,7210,0.38466954231262207
3650,36480,7210,0.38466954231262207
3660,36480,7210,0.38867664337158203
3670,36480,7210,0.38867664337158203
3680,36480,7210,0.38867664337158203
3690,36488,7210,0.38867664337158203
3700,36488,7210,0.3926835060119629
3710,36488,7210,0.3926835060119629
3720,36488,7210,0.3926835060119629
3730,36488,7210,0.3926835060119629
3740,36488,7210,0.39669036865234375
3750,36488,7210,0.39669036865234375
3760,36498,7211,0.39669036865234375
3770,36498,7211,0.39669036865234375
3780,36525,7211,0.4006974697113037
3790,36525,7211,0.4006974697113037
3800,36525,7211,0.4006974697113037
3810,36525,7211,0.40470433235168457
3820,36525,7211,0.40470433235168457
3830,36525,7211,0.40470433235168457
3840,36541,7211,0.40871143341064453
3850,36541,7211,0.40871143341064453
3860,36544,7211,0.40871143341064453
3870,36544,7211,0.40871143341064453
3880,36544,7211,0.4127182960510254
3890,36544,7211,0.4127182960510254
3900,36544,7211,0.4127182960510254
3910,36544,7211,0.4127182960510254
3920,36544,7211,0.41672539710998535
3930,36544,7211,0.41672539710998535
3940,36544,7211,0.41672539710998535
3950,36544,7211,0.41672539710998535
3960,36544,7211,0.4207322597503662
3970,36544,7211,0.4207322597503662
3980,36544,7211,0.4207322597503662
3990,36544,7211,0.42473936080932617
4000,36546,7211,0.42473936080932617
4010,36546,7211,0.42473936080932617
4020,36546,7211,0.42874622344970703
4030,36546,7211,0.42874622344970703
4040,36560,7212,0.42874622344970703
4050,36560,7212,0.432753324508667
4060,36606,7223,0.432753324508667
4070,36606,7223,0.432753324508667
4080,36606,7223,0.432753324508667
4090,36606,7223,0.43676018714904785
4100,36606,7223,0.43676018714904785
4110,36606,7223,0.43676018714904785
4120,36608,7223,0.4407672882080078
4130,36608,7223,0.4407672882080078
4140,36608,7223,0.4407672882080078
4150,36608,7223,0.4407672882080078
4160,36608,7223,0.44477415084838867
4170,36632,7224,0.44477415084838867
4180,36632,7224,0.44477415084838867
4190,36632,7224,0.44878125190734863
4200,36759,7240,0.44878125190734863
4210,36759,7240,0.44878125190734863
4220,36774,7247,0.44878125190734863
4230,36774,7247,0.4527881145477295
4240,36774,7247,0.4527881145477295
4250,36774,7247,0.4527881145477295
4260,36774,7247,0.4527881145477295
4270,36774,7247,0.4527881145477295
4280,36774,7247,0.45679497718811035
4290,36774,7247,0.45679497718811035
4300,36774,7247,0.45679497718811035
4310,36774,7247,0.45679497718811035
4320,36774,7247,0.4608020782470703
4330,36774,7247,0.4608020782470703
4340,36774,7247,0.4608020782470703
4350,36774,7247,0.4608020782470703
4360,36774,7247,0.46480894088745117
4370,36774,7247,0.46480894088745117
4380,36774,7247,0.46480894088745117
4390,36774,7247,0.46881604194641113
4400,36775,7247,0.46881604194641113
4410,36775,7247,0.46881604194641113
4420,36776,7247,0.46881604194641113
4430,36780,7247,0.472822904586792
4440,36780,7247,0.472822904586792
4450,36780,7247,0.472822904586792
4460,36780,7247,0.47683000564575195
4470,36781,7247,0.47683000564575195
4480,36781,7247,0.47683000564575195
4490,36781,7247,0.47683000564575195
4500,36781,7247,0.4808368682861328
4510,36781,7247,0.4808368682861328
4520,36781,7247,0.4808368682861328
4530,36781,7247,0.4848439693450928
4540,36781,7247,0.4848439693450928
4550,36781,7247,0.4848439693450928
4560,36781,7247,0.4848439693450928
4570,36781,7247,0.48885083198547363
4580,36799,7249,0.48885083198547363
4590,36799,7249,0.48885083198547363
4600,36799,7249,0.48885083198547363
4610,36799,7249,0.4928579330444336
4620,36799,7249,0.4928579330444336
4630,36799,7249,0.4928579330444336
4640,36799,7249,0.4928579330444336
4650,36799,7249,0.49686479568481445
4660,36799,7249,0.49686479568481445
4670,36814,7252,0.49686479568481445
4680,36822,7252,0.49686479568481445
4690,36822,7252,0.5008718967437744
4700,36823,7252,0.5008718967437744
4710,36823,7252,0.5008718967437744
4720,36823,7252,0.5008718967437744
4730,36823,7252,0.5048787593841553
4740,36823,7252,0.5048787593841553
4750,36823,7252,0.5048787593841553
4760,36823,7252,0.5048787593841553
4770,36823,7252,0.5048787593841553
4780,36823,7252,0.5088858604431152
4790,36832,7252,0.5088858604431152
4800,36859,7254,0.5088858604431152
4810,36859,7254,0.5088858604431152
4820,36859,7254,0.5128927230834961
4830,36862,7254,0.5128927230834961
4840,36862,7254,0.5128927230834961
4850,36862,7254,0.5128927230834961
4860,36862,7254,0.516899585723877
4870,36862,7254,0.516899585723877
4880,36862,7254,0.516899585723877
4890,36862,7254,0.516899585723877
4900,36862,7254,0.516899585723877
4910,36862,7254,0.516899585723877
4920,36882,7263,0.5209066867828369
4930,36882,7263,0.5209066867828369
4940,36913,7264,0.5209066867828369
4950,36919,7264,0.5209066867828369
4960,36920,7264,0.5249135494232178
4970,36929,7265,0.5249135494232178
4980,36929,7265,0.5249135494232178
4990,36929,7265,0.5249135494232178
5000,36931,7265,0.5249135494232178
5010,36931,7265,0.5289206504821777
5020,36931,7265,0.5289206504821777
5030,36931,7265,0.5289206504821777
5040,36931,7265,0.5289206504821777
5050,36931,7265,0.5329275131225586
5060,36931,7265,0.5329275131225586
5070,36931,7265,0.5329275131225586
5080,36931,7265,0.5329275131225586
5090,36931,7265,0.5369346141815186
5100,36931,7265,0.5369346141815186
5110,36931,7265,0.5369346141815186
5120,36931,7265,0.5369346141815186
5130,36931,7265,0.5409414768218994
5140,36931,7265,0.5409414768218994
5150,36931,7265,0.5449485778808594
5160,36931,7265,0.5449485778808594
5170,36949,7266,0.5449485778808594
5180,36949,7266,0.5489554405212402
5190,36949,7266,0.5489554405212402
5200,36949,7266,0.5489554405212402
5210,36950,7266,0.5529625415802002
5220,36950,7266,0.5529625415802002
5230,36950,7266,0.5529625415802002
5240,36950,7266,0.5529625415802002
5250,36950,7266,0.556969404220581
5260,36950,7266,0.556969404220581
5270,36950,7266,0.556969404220581
5280,36950,7266,0.560976505279541
5290,36950,7266,0.560976505279541
5300,36950,7266,0.560976505279541
5310,36950,7266,0.560976505279541
5320,36950,7266,0.5649833679199219
5330,36950,7266,0.5649833679199219
5340,36950,7266,0.5649833679199219
5350,36950,7266,0.5689904689788818
5360,36950,7266,0.5689904689788818
5370,36950,7266,0.5689904689788818
5380,36950,7266,0.5689904689788818
5390,36950,7266,0.5729973316192627
5400,36950,7266,0.5729973316192627
5410,36950,7266,0.5729973316192627
5420,36950,7266,0.5770041942596436
5430,36950,7266,0.5770041942596436
5440,36950,7266,0.5770041942596436
5450,36950,7266,0.5770041942596436
5460,36950,7266,0.5810112953186035
5470,36951,7266,0.5810112953186035
5480,36951,7266,0.5810112953186035
5490,36951,7266,0.5810112953186035
5500,36951,7266,0.5850181579589844
5510,36951,7266,0.5850181579589844
5520,36951,7266,0.5850181579589844
5530,36951,7266,0.5850181579589844
5540,36951,7266,0.5850181579589844
5550,36951,7266,0.5890252590179443
5560,36951,7266,0.5890252590179443
5570,36951,7266,0.5890252590179443
5580,36952,7266,0.5930321216583252
5590,36952,7266,0.5930321216583252
5600,36952,7266,0.5930321216583252
5610,36957,7266,0.5970392227172852
5620,36972,7267,0.5970392227172852
5630,36972,7267,0.5970392227172852
5640,36972,7267,0.601046085357666
5650,36972,7267,0.601046085357666
5660,36972,7267,0.601046085357666
5670,36972,7267,0.601046085357666
5680,36972,7267,0.605053186416626
5690,36972,7267,0.605053186416626
5700,36972,7267,0.605053186416626
5710,36972,7267,0.6090600490570068
5720,36972,7267,0.6090600490570068
5730,36972,7267,0.6090600490570068
5740,36972,7267,0.6090600490570068
5750,36972,7267,0.6130671501159668
5760,36972,7267,0.6130671501159668
5770,36972,7267,0.6130671501159668
5780,36972,7267,0.6130671501159668
5790,37078,7282,0.6170740127563477
5800,37078,7282,0.6170740127563477
5810,37078,7282,0.6170740127563477
5820,37078,7282,0.6170740127563477
5830,37078,7282,0.6210811138153076
5840,37078,7282,0.6210811138153076
5850,37078,7282,0.6210811138153076
5860,37080,7282,0.6210811138153076
5870,37080,7282,0.6210811138153076
5880,37080,7282,0.6250879764556885
5890,37080,7282,0.6250879764556885
5900,37106,7282,0.6250879764556885
5910,37106,7282,0.6250879764556885
5920,37106,7282,0.6290950775146484
5930,37106,7282,0.6290950775146484
5940,37106,7282,0.6290950775146484
5950,37106,7282,0.6290950775146484
5960,37106,7282,0.6331019401550293
5970,37106,7282,0.6331019401550293
5980,37106,7282,0.6331019401550293
5990,37106,7282,0.6331019401550293
6000,37106,7282,0.6371088027954102
6010,37106,7282,0.6371088027954102
6020,37115,7282,0.6371088027954102
6030,37115,7282,0.6371088027954102
6040,37115,7282,0.6411159038543701
6050,37115,7282,0.6411159038543701
6060,37115,7282,0.6411159038543701
6070,37208,7299,0.6411159038543701
6080,37208,7299,0.6411159038543701
6090,37208,7299,0.645122766494751
6100,37208,7299,0.645122766494751
6110,37208,7299,0.645122766494751
6120,37208,7299,0.645122766494751
6130,37208,7299,0.6491298675537109
6140,37208,7299,0.6491298675537109
6150,37241,7300,0.6491298675537109
6160,37241,7300,0.6491298675537109
6170,37241,7300,0.6531367301940918
6180,37241,7300,0.6531367301940918
6190,37241,7300,0.6531367301940918
6200,37241,7300,0.6571438312530518
6210,37241,7300,0.6571438312530518
6220,37241,7300,0.6571438312530518
6230,37241,7300,0.6571438312530518
6240,37241,7300,0.6611506938934326
6250,37241,7300,0.6611506938934326
6260,37241,7300,0.6611506938934326
6270,37242,7300,0.6651577949523926
6280,37242,7300,0.6651577949523926
6290,37242,7300,0.6651577949523926
6300,37242,7300,0.6691646575927734
6310,37242,7300,0.6691646575927734
6320,37242,7300,0.6691646575927734
6330,37242,7300,0.6691646575927734
6340,37242,7300,0.6731717586517334
6350,37242,7300,0.6731717586517334
6360,37242,7300,0.6731717586517334
6370,37242,7300,0.6731717586517334
6380,37242,7300,0.6771786212921143
6390,37242,7300,0.6771786212921143
6400,37242,7300,0.6771786212921143
6410,37242,7300,0.6811857223510742
6420,37242,7300,0.6811857223510742
6430,37242,7300,0.6811857223510742
6440,37242,7300,0.6811857223510742
6450,37245,7300,0.6851925849914551
6460,37245,7300,0.6851925849914551
6470,37245,7300,0.6851925849914551
6480,37245,7300,0.6851925849914551
6490,37245,7300,0.689199686050415
6500,37245,7300,0.689199686050415
6510,37245,7300,0.689199686050415
6520,37245,7300,0.689199686050415
6530,37245,7300,0.689199686050415
6540,37245,7300,0.6932065486907959
6550,37245,7300,0.6932065486907959
6560,37245,7300,0.6932065486907959
6570,37245,7300,0.6932065486907959
6580,37245,7300,0.6972134113311768
6590,37245,7300,0.6972134113311768
6600,37249,7301,0.6972134113311768
6610,37249,7301,0.7012205123901367
6620,37249,7301,0.7012205123901367
6630,37249,7301,0.7012205123901367
6640,37249,7301,0.7052273750305176
6650,37256,7301,0.7052273750305176
6660,37256,7301,0.7052273750305176
6670,37256,7301,0.7052273750305176
6680,37256,7301,0.7052273750305176
6690,37256,7301,0.7092344760894775
6700,37256,7301,0.7092344760894775
6710,37256,7301,0.7092344760894775
6720,37256,7301,0.7092344760894775
6730,37256,7301,0.7132413387298584
6740,37256,7301,0.7132413387298584
6750,37256,7301,0.7132413387298584
6760,37256,7301,0.7132413387298584
6770,37256,7301,0.7212553024291992
6780,37262,7302,0.7212553024291992
6790,37262,7303,0.7212553024291992
6800,37262,7303,0.7252624034881592
6810,37262,7303,0.7252624034881592
6820,37262,7303,0.7252624034881592
6830,37263,7303,0.7252624034881592
6840,37263,7303,0.72926926612854
6850,37263,7303,0.72926926612854
6860,37263,7303,0.72926926612854
6870,37263,7303,0.7332763671875
6880,37263,7303,0.7332763671875
6890,37263,7303,0.7332763671875
6900,37263,7303,0.7372832298278809
6910,37263,7303,0.7372832298278809
6920,37263,7303,0.7372832298278809
6930,37263,7303,0.7372832298278809
6940,37263,7303,0.7412903308868408
6950,37263,7303,0.7412903308868408
6960,37263,7303,0.7412903308868408
6970,37263,7303,0.7412903308868408
6980,37263,7303,0.7452971935272217
6990,37263,7303,0.7452971935272217
7000,37263,7303,0.7452971935272217
7010,37263,7303,0.7452971935272217
7020,37263,7303,0.7493042945861816
7030,37263,7303,0.7493042945861816
7040,37263,7303,0.7493042945861816
7050,37263,7303,0.7493042945861816
7060,37263,7303,0.7493042945861816
7070,37263,7303,0.7533111572265625
7080,37263,7303,0.7533111572265625
7090,37263,7303,0.7533111572265625
7100,37263,7303,0.7533111572265625
7110,37263,7303,0.7573180198669434
7120,37263,7303,0.7573180198669434
7130,37263,7303,0.7573180198669434
7140,37263,7303,0.7573180198669434
7150,37263,7303,0.7613251209259033
7160,37263,7303,0.7613251209259033
7170,37263,7303,0.7613251209259033
7180,37263,7303,0.7613251209259033
7190,37280,7306,0.7613251209259033
7200,37290,7307,0.7653319835662842
7210,37290,7307,0.7653319835662842
7220,37290,7307,0.7653319835662842
7230,37290,7307,0.7693390846252441
7240,37290,7307,0.7693390846252441
7250,37290,7307,0.7693390846252441
7260,37290,7307,0.773345947265625
7270,37290,7307,0.773345947265625
7280,37313,7315,0.773345947265625
7290,37313,7315,0.773345947265625
7300,37313,7315,0.777353048324585
7310,37313,7315,0.777353048324585
7320,38892,7640,0.777353048324585
7330,38892,7640,0.777353048324585
7340,38892,7640,0.7813599109649658
7350,38892,7640,0.7813599109649658
7360,38892,7640,0.7813599109649658
7370,38892,7640,0.7813599109649658
7380,38892,7640,0.7853670120239258
7390,38892,7640,0.7853670120239258
7400,38892,7640,0.7853670120239258
7410,38892,7641,0.7853670120239258
7420,38892,7641,0.7893738746643066
7430,38892,7641,0.7893738746643066
7440,38892,7641,0.7893738746643066
7450,38895,7641,0.7893738746643066
7460,38895,7641,0.7933809757232666
7470,38895,7641,0.7933809757232666
7480,38895,7641,0.7933809757232666
7490,38895,7641,0.7973878383636475
7500,38895,7641,0.7973878383636475
7510,38895,7641,0.7973878383636475
7520,38895,7641,0.7973878383636475
7530,38895,7641,0.8013949394226074
7540,38895,7641,0.8013949394226074
7550,38895,7641,0.8013949394226074
7560,38895,7641,0.8054018020629883
7570,38895,7641,0.8054018020629883
7580,38895,7641,0.8054018020629883
7590,38895,7641,0.8054018020629883
7600,38895,7641,0.8094089031219482
7610,38895,7641,0.8094089031219482
7620,38895,7641,0.8094089031219482
7630,38895,7641,0.8134157657623291
7640,38895,7641,0.8134157657623291
7650,38895,7641,0.8134157657623291
7660,38895,7641,0.8134157657623291
7670,38895,7641,0.81742262840271
7680,38895,7641,0.81742262840271
7690,38895,7641,0.81742262840271
7700,38895,7641,0.81742262840271
7710,38895,7641,0.8214297294616699
7720,38895,7641,0.8214297294616699
7730,38895,7641,0.8214297294616699
7740,38895,7641,0.8214297294616699
7750,38895,7641,0.8254365921020508
7760,38898,7641,0.8254365921020508
7770,38903,7641,0.8254365921020508
7780,38903,7641,0.8254365921020508
7790,38903,7641,0.8294436931610107
7800,38903,7641,0.8294436931610107
7810,38903,7641,0.8294436931610107
7820,38903,7641,0.8294436931610107
7830,38903,7641,0.8334505558013916
7840,38903,7641,0.8334505558013916
7850,38903,7641,0.8334505558013916
7860,38903,7641,0.8334505558013916
7870,38903,7641,0.8374576568603516
7880,38903,7641,0.8374576568603516
7890,38903,7641,0.8374576568603516
7900,38903,7641,0.8374576568603516
7910,38903,7641,0.8414645195007324
7920,38903,7641,0.8414645195007324
7930,38905,7641,0.8414645195007324
7940,38918,7642,0.8414645195007324
7950,38918,7642,0.8454716205596924
7960,38918,7642,0.8454716205596924
7970,38918,7642,0.8454716205596924
7980,38918,7642,0.8454716205596924
7990,38918,7642,0.8454716205596924
8000,38918,7642,0.8494784832000732
8010,38918,7642,0.8494784832000732
8020,38918,7642,0.8494784832000732
8030,38918,7642,0.8494784832000732
8040,38918,7642,0.8534855842590332
8050,38918,7642,0.8534855842590332
8060,38918,7642,0.8534855842590332
8070,38918,7642,0.8534855842590332
8080,38918,7642,0.8534855842590332
8090,38918,7642,0.8574924468994141
8100,38918,7642,0.8574924468994141
8110,38918,7642,0.8574924468994141
8120,38918,7642,0.8574924468994141
8130,38922,7643,0.861499547958374
8140,38922,7643,0.861499547958374
8150,38922,7643,0.861499547958374
8160,38922,7643,0.861499547958374
8170,38922,7643,0.8655064105987549
8180,38922,7643,0.8655064105987549
8190,38922,7643,0.8655064105987549
8200,38922,7643,0.8655064105987549
8210,38922,7643,0.8695135116577148
8220,38922,7643,0.8695135116577148
8230,38922,7643,0.8695135116577148
8240,38922,7643,0.8695135116577148
8250,38922,7643,0.8735203742980957
8260,38922,7643,0.8735203742980957
8270,38922,7643,0.8735203742980957
8280,38922,7643,0.8735203742980957
8290,38922,7643,0.8775274753570557
8300,38922,7643,0.8775274753570557
8310,38922,7643,0.8775274753570557
8320,38922,7643,0.8775274753570557
8330,38922,7643,0.8815343379974365
8340,38922,7643,0.8815343379974365
8350,38922,7643,0.8815343379974365
8360,38950,7643,0.8815343379974365
8370,38950,7643,0.8855412006378174
8380,38950,7643,0.8855412006378174
8390,38950,7643,0.8895483016967773
8400,38950,7643,0.8895483016967773
8410,38950,7643,0.8935551643371582
8420,38950,7643,0.8935551643371582
8430,38950,7643,0.8935551643371582
8440,38950,7643,0.8975622653961182
8450,38950,7643,0.8975622653961182
8460,38950,7643,0.8975622653961182
8470,38950,7643,0.901569128036499
8480,38950,7643,0.901569128036499
8490,38950,7643,0.901569128036499
8500,38950,7643,0.901569128036499
8510,38950,7643,0.905576229095459
8520,38958,7645,0.905576229095459
8530,38958,7645,0.905576229095459
8540,38958,7645,0.9095830917358398
8550,38958,7645,0.9095830917358398
8560,38958,7645,0.9095830917358398
8570,39489,7700,0.9135904312133789
8580,39653,7710,0.9135904312133789
8590,39653,7710,0.9135904312133789
8600,39658,7711,0.9135904312133789
8610,39658,7711,0.9175968170166016
8620,39661,7711,0.9175968170166016
8630,39661,7711,0.9175968170166016
8640,39661,7711,0.9216032028198242
8650,39661,7711,0.9216032028198242
8660,39661,7711,0.9216032028198242
8670,39661,7711,0.9216032028198242
8680,39661,7711,0.9256095886230469
8690,39661,7711,0.9256095886230469
8700,39661,7711,0.9256095886230469
8710,39661,7711,0.9296159744262695
8720,39661,7711,0.9296159744262695
8730,39661,7711,0.9296159744262695
8740,39661,7711,0.9296159744262695
8750,39661,7711,0.9336223602294922
8760,39661,7711,0.9336223602294922
8770,39689,7716,0.9336223602294922
8780,39689,7716,0.9376285076141357
8790,39689,7716,0.9376285076141357
8800,39689,7716,0.9376285076141357
8810,39689,7716,0.9376285076141357
8820,39689,7716,0.9416348934173584
8830,39689,7716,0.9416348934173584
8840,39689,7716,0.9416348934173584
8850,39689,7716,0.945641279220581
8860,39689,7716,0.945641279220581
8870,39689,7716,0.945641279220581
8880,39689,7716,0.9496476650238037
8890,39689,7716,0.9496476650238037
8900,39689,7716,0.9496476650238037
8910,39689,7716,0.9496476650238037
8920,39689,7716,0.9536540508270264
8930,39689,7716,0.9536540508270264
8940,39689,7716,0.9536540508270264
8950,39689,7716,0.957660436630249
8960,39689,7716,0.957660436630249
8970,39689,7716,0.957660436630249
8980,39689,7716,0.957660436630249
8990,39689,7716,0.9616668224334717
9000,39689,7716,0.9616668224334717
9010,39689,7716,0.9616668224334717
9020,39689,7716,0.9656729698181152
9030,39689,7716,0.9656729698181152
9040,39689,7716,0.9656729698181152
9050,39689,7716,0.9696793556213379
9060,39689,7716,0.9696793556213379
9070,39689,7716,0.9696793556213379
9080,39689,7716,0.9696793556213379
9090,39689,7716,0.9736857414245605
9100,39689,7716,0.9736857414245605
9110,39689,7716,0.9736857414245605
9120,39689,7716,0.9776921272277832
9130,39690,7716,0.9776921272277832
9140,39690,7716,0.9776921272277832
9150,39690,7716,0.9776921272277832
9160,39690,7716,0.9816985130310059
9170,39690,7716,0.9816985130310059
9180,39690,7716,0.9816985130310059
9190,39690,7716,0.9857048988342285
9200,39690,7716,0.9857048988342285
9210,39690,7716,0.9857048988342285
9220,39690,7716,0.9857048988342285
9230,39690,7716,0.9897112846374512
9240,39693,7716,0.9897112846374512
9250,39694,7716,0.9897112846374512
9260,39694,7716,0.9897112846374512
9270,39694,7716,0.9937174320220947
9280,39694,7716,0.9937174320220947
9290,39695,7716,0.9977238178253174
9300,39695,7716,0.9977238178253174
9310,39695,7716,0.9977238178253174
9320,39695,7716,1.00173020362854
9330,39695,7716,1.00173020362854
9340,39695,7716,1.00173020362854
9350,39695,7716,1.00173020362854
9360,39695,7716,1.0057365894317627
9370,39695,7716,1.0057365894317627
9380,39695,7716,1.0057365894317627
9390,39695,7716,1.0057365894317627
9400,39695,7716,1.0097429752349854
9410,39695,7716,1.0097429752349854
9420,39695,7716,1.0097429752349854
9430,39695,7716,1.0097429752349854
9440,39695,7716,1.013749361038208
9450,39701,7717,1.013749361038208
9460,39701,7717,1.013749361038208
9470,39701,7717,1.0177557468414307
9480,39701,7717,1.0177557468414307
9490,39701,7717,1.0177557468414307
9500,39701,7717,1.0217621326446533
9510,39701,7717,1.0217621326446533
9520,39701,7717,1.0217621326446533
9530,39701,7717,1.0217621326446533
9540,39701,7717,1.0257682800292969
9550,39701,7717,1.0257682800292969
9560,39701,7717,1.0257682800292969
9570,39701,7717,1.0297746658325195
9580,39701,7717,1.0297746658325195
9590,39701,7717,1.0297746658325195
9600,39701,7717,1.0337810516357422
9610,39701,7717,1.0337810516357422
9620,39701,7717,1.0337810516357422
9630,39701,7717,1.0337810516357422
9640,39701,7717,1.0377874374389648
9650,39701,7717,1.0377874374389648
9660,39701,7717,1.0377874374389648
9670,39701,7717,1.0417938232421875
9680,39701,7717,1.0417938232421875
9690,39701,7717,1.0417938232421875
9700,39701,7717,1.0417938232421875
9710,39701,7717,1.0458002090454102
9720,39701,7717,1.0458002090454102
9730,39701,7717,1.0458002090454102
9740,39716,7719,1.0498065948486328
9750,39716,7719,1.0498065948486328
9760,39716,7719,1.0498065948486328
9770,39716,7719,1.0538127422332764
9780,39716,7719,1.0538127422332764
9790,39716,7719,1.0538127422332764
9800,39716,7719,1.0538127422332764
9810,39716,7719,1.057819128036499
9820,39716,7719,1.057819128036499
9830,39716,7719,1.057819128036499
9840,39716,7719,1.057819128036499
9850,39716,7719,1.0618255138397217
9860,39716,7719,1.0618255138397217
9870,39716,7719,1.0618255138397217
9880,39716,7719,1.0658318996429443
9890,39716,7719,1.0658318996429443
9900,39716,7719,1.0658318996429443
9910,39716,7719,1.069838285446167
9920,39716,7719,1.069838285446167
9930,39716,7719,1.069838285446167
9940,39716,7719,1.0738446712493896
9950,39716,7719,1.0738446712493896
9960,39716,7719,1.0738446712493896
9970,39716,7719,1.0738446712493896
9980,39716,7719,1.0778510570526123
9990,39716,7719,1.0778510570526123
10000,39716,7719,1.0778510570526123
10010,39716,7719,1.0778510570526123
10020,39716,7719,1.0818572044372559
10030,39716,7719,1.0818572044372559
10040,39716,7719,1.0818572044372559
10050,40149,7835,1.0818572044372559
10060,40149,7835,1.0858635902404785
10070,40149,7835,1.0858635902404785
10080,40149,7835,1.0858635902404785
10090,40149,7835,1.0898699760437012
10100,40152,7835,1.0898699760437012
10110,40152,7835,1576048.9130506516
10120,40231,7851,1576048.725051403
10130,40231,7851,1576048.6170516014
10140,40231,7851,1576048.7770512104
10150,40231,7851,1576048.9410505295
10160,40231,7851,1576048.9850504398
10170,40238,7852,1576048.9410505295
10180,40259,7854,1576048.4490523338
10190,40347,7859,1576048.781051159
10200,40353,7859,1576048.7930512428
10210,41069,7906,1576049.0090503693
10220,41069,7906,1576048.605051756
10230,41116,7923,1576049.0170505047
10240,41238,7939,1576048.3770525455
10250,41243,7939,1576049.0930502415
10260,41254,7939,1576048.9890503883
10270,41254,7939,1576049.0530502796
10280,41254,7939,1576048.521052122
10290,41254,7939,1576048.5050520897
10300,41254,7939,1576048.8650507927
10310,41254,7939,1576048.6210517883
10320,41254,7939,1576048.6850514412
10330,41254,7939,1576048.9450507164
10340,41254,7939,1576048.4570522308
10350,41254,7939,1576048.4050524235
10360,41254,7939,1576049.0250504017
10370,41254,7939,1576049.105050087
10380,41257,7939,1576048.4890520573
10390,41260,7939,1576048.5290520191
10400,41260,7939,1576048.6490516663
10410,41260,7939,1576049.077050209
10420,42959,8395,1576048.5530519485
10430,42998,8397,1576048.5170519352
10440,42998,8397,1576048.5610518456
10450,42998,8397,1576048.9690506458
10460,43002,8397,1576048.893050909
10470,43005,8397,1576048.8970508575
10480,43050,8403,1576048.5290520191
10490,43507,8437,1576048.4050524235
10500,43533,8444,1576048.9330506325
10510,43634,8448,1576049.1290500164
10520,43647,8448,1576048.5370519161
10530,43647,8448,1576049.041050434
10540,43648,8448,1576048.6170516014
10550,43648,8448,1576049.085050106
10560,43648,8448,1576048.5090520382
10570,43648,8448,1576048.957050562
10580,43648,8448,1576048.957050562
10590,43648,8448,1576049.1010501385
10600,43648,8448,1576049.113049984
10610,43648,8448,1576048.9890503883
10620,43648,8448,1576048.8770508766
10630,43778,8472,1576049.041050434
10640,43784,8472,1576049.1010501385
10650,43966,8491,1576048.8410508633
10660,43995,8493,1576048.7010514736
10670,44000,8493,1576048.7570512295
10680,44000,8493,1576048.7290513515
10690,44000,8493,1576049.0730502605
10700,44010,8495,1576048.7570512295
10710,44010,8495,1576048.7570512295
10720,44033,8497,1576049.105050087
10730,44033,8497,1576048.569051981
10740,44059,8498,1576048.957050562
10750,44059,8498,1576048.8610508442
10760,44059,8498,1576048.9330506325
10770,44059,8498,1576049.0170505047
10780,44059,8498,1576048.6690516472
10790,44059,8498,1576048.7130513191
10800,44059,8498,1576048.8210511208
10810,44059,8498,1576048.8850507736
10820,44059,8498,1576048.5330519676
10830,44059,8498,1576048.873050928
10840,44059,8498,1576048.5330519676
10850,44059,8498,1576048.4250524044
10860,44063,8499,1576048.5050520897
10870,44063,8499,1576048.5010521412
10880,44064,8499,1576048.8330509663
10890,44133,8501,1576048.4450523853
10900,44133,8501,1576048.753051281
10910,44133,8501,1576049.125050068
10920,44133,8501,1576048.909050703
10930,44133,8501,1576049.041050434
10940,44133,8501,1576048.8490509987
10950,44133,8501,1576048.9810504913
10960,44133,8501,1576048.9890503883
10970,44138,8503,1576048.9730505943
10980,44138,8503,1576049.0810501575
10990,44142,8503,1576048.6930515766
11000,44142,8503,1576048.4930520058
11010,44142,8503,1576048.6290516853
11020,44142,8503,1576048.6210517883
11030,44142,8503,1576048.909050703
11040,44142,8503,1576048.6290516853
11050,44142,8503,1576048.6370515823
11060,44142,8503,1576048.8370509148
11070,44142,8503,1576048.5410518646
11080,44147,8503,1576048.43705225
11090,44147,8503,1576048.8850507736
11100,44149,8503,1576048.9930505753
11110,44180,8507,1576048.8610508442
11120,44436,8560,1576048.4970521927
11130,44438,8560,1576048.4770522118
11140,44504,8569,1576048.773051262
11150,44517,8570,1576048.8250510693
11160,44517,8570,1576048.4570522308
11170,44569,8585,1576049.0010504723
11180,44614,8588,1576048.557051897
11190,44614,8588,1576048.6170516014
11200,44614,8588,1576048.9050507545
11210,44614,8588,1576048.9690506458
11220,44614,8588,1576048.4770522118
11230,44614,8588,1576048.6330516338
11240,44614,8588,1576048.937050581
11250,44614,8588,1576049.0570502281
11260,44614,8588,1576048.8250510693
11270,44614,8588,1576048.7770512104
11280,44614,8588,1576048.7370512486
11290,44614,8588,1576048.401052475
11300,44614,8588,1576048.389052391
11310,44614,8588,1576048.6730515957
11320,44614,8588,1576048.421052456
11330,44614,8588,1576048.8290510178
11340,44614,8588,1576048.8850507736
11350,44614,8588,1576049.1210501194
11360,44614,8588,1576048.3970525265
11370,44614,8588,1576048.6090517044
11380,44622,8588,1576048.381052494
11390,44666,8594,1576048.6010518074
11400,44666,8594,1576049.125050068
11410,44666,8594,1576048.4490523338
11420,44666,8594,1576049.0650501251
11430,44673,8594,1576048.893050909
11440,44676,8594,1576048.741051197
11450,44676,8594,1576048.4810521603
11460,44680,8594,1576048.6530516148
11470,44680,8594,1576048.7370512486
11480,44680,8594,1576048.7650511265
11490,44680,8594,1576048.5610518456
11500,44680,8594,1576048.9050507545
11510,44680,8594,1576049.125050068
11520,44680,8594,1576048.8650507927
11530,44680,8594,1576048.4970521927
11540,44680,8594,1576049.125050068
11550,44680,8594,1576049.0290503502
11560,44682,8594,1576048.4810521603
11570,44682,8594,1576048.7930512428
11580,44690,8595,1576048.6290516853
11590,44690,8595,1576049.1210501194
11600,44690,8595,1576048.9170508385
11610,44690,8595,1576049.0370502472
11620,44690,8595,1576048.901050806
11630,44694,8595,1576048.9170508385
11640,44694,8595,1576049.117050171
11650,44694,8595,1576048.409052372
11660,44694,8595,1576048.6890513897
11670,44707,8595,1576048.577051878
11680,44707,8595,1576048.569051981
11690,44707,8595,1576048.7290513515
11700,44707,8595,1576048.6890513897
11710,44739,8599,1576048.565051794
11720,44739,8599,1576048.9450507164
11730,44739,8599,1576049.0170505047
11740,44739,8599,1576049.0650501251
11750,44739,8599,1576048.9130506516
11760,44739,8599,1576048.8770508766
11770,44776,8610,1576048.5450520515
11780,44776,8610,1576048.4650521278
11790,44776,8610,1576048.5170519352
11800,44776,8610,1576049.0890500546
11810,44776,8610,1576049.0170505047
11820,44776,8610,1576048.725051403
11830,44776,8610,1576048.761051178
11840,44776,8610,1576049.049050331
11850,44776,8610,1576049.0330502987
11860,44776,8610,1576048.741051197
11870,44776,8610,1576048.417052269
11880,44776,8610,1576048.4730522633
11890,44776,8610,1576048.5730519295
11900,44798,8610,1576048.6690516472
11910,44798,8610,1576048.697051525
11920,44798,8610,1576049.0570502281
11930,44798,8610,1576048.5050520897
11940,44798,8610,1576049.049050331
11950,44803,8610,1576048.9130506516
11960,44919,8627,1576048.585051775
11970,44919,8627,1576048.6810514927
11980,44919,8627,1576048.8970508575
11990,44919,8627,1576048.6730515957
12000,44921,8627,1576049.0810501575
12010,44931,8627,1576048.3930523396
12020,44931,8627,1576048.6250517368
12030,44952,8630,1576049.0450503826
12040,44952,8630,1576048.389052391
12050,44952,8630,1576049.0010504723
12060,44952,8630,1576048.5890517235
12070,44952,8630,1576048.9450507164
12080,44959,8631,1576048.4970521927
12090,44959,8631,1576048.9970505238
12100,45009,8638,1576048.9890503883
12110,45009,8638,1576048.6930515766
12120,45009,8638,1576048.613051653
12130,45009,8638,1576048.7690513134
12140,45009,8638,1576048.6290516853
12150,45009,8638,1576048.8050510883
12160,45109,8668,1576048.6610515118
12170,45109,8668,1576048.9810504913
12180,45110,8668,1576049.125050068
12190,45110,8668,1576049.0610501766
12200,45110,8668,1576048.4330523014
12210,45110,8668,1576048.9170508385
12220,45110,8668,1576049.077050209
12230,45110,8668,1576049.1010501385
12240,45110,8668,1576048.8810508251
12250,45110,8668,1576048.6610515118
12260,45110,8668,1576048.7850511074
12270,45110,8668,1576048.7490513325
12280,45110,8668,1576048.6930515766
12290,45111,8668,1576048.9410505295
12300,45272,8677,1576048.8770508766
12310,45272,8677,1576048.4610521793
12320,45272,8677,1576049.0250504017
12330,45272,8677,1576048.789051056
12340,45303,8681,1576048.937050581
12350,45303,8681,1576048.8850507736
12360,45303,8681,1576048.9130506516
12370,45304,8681,1576048.7170512676
12380,45306,8681,1576048.8250510693
12390,45329,8681,1576048.7490513325
12400,45329,8681,1576048.5170519352
12410,45329,8681,1576048.9450507164
12420,45329,8681,1576049.09705019
12430,45329,8681,1576048.6810514927
12440,45329,8681,1576048.5370519161
12450,45329,8681,1576048.6930515766
12460,45329,8681,1576049.09705019
12470,45329,8681,1576048.6410515308
12480,45329,8681,1576048.5170519352
12490,45329,8681,1576048.565051794
12500,45341,8682,1576048.9530506134
12510,45373,8685,1576049.0130503178
12520,45373,8685,1576048.3970525265
12530,45457,8702,1576049.1010501385
12540,45457,8702,1576048.8090510368
12550,45457,8702,1576048.8250510693
12560,45457,8702,1576049.041050434
12570,45467,8702,1576048.9890503883
12580,45471,8702,1576048.929050684
12590,45471,8702,1576049.0210504532
12600,45471,8702,1576048.8370509148
12610,45471,8702,1576048.5090520382
12620,45479,8702,1576048.7090513706
12630,45479,8702,1576048.4570522308
12640,45479,8702,1576048.593051672
12650,45480,8702,1576048.957050562
12660,45480,8702,1576049.0010504723
12670,45480,8702,1576048.6010518074
12680,45480,8702,1576048.7170512676
12690,45480,8702,1576048.909050703
12700,45480,8702,1576048.745051384
12710,45480,8702,1576048.6890513897
12720,45480,8702,1576049.0370502472
12730,45480,8702,1576048.5130519867
12740,45480,8702,1576048.6410515308
12750,45480,8702,1576049.085050106
12760,45480,8702,1576048.6170516014
12770,45497,8703,1576048.4570522308
12780,45497,8703,1576048.9530506134
12790,45497,8703,1576048.4970521927
12800,45497,8703,1576048.8410508633
12810,45498,8703,1576048.5250520706
12820,45498,8703,1576048.409052372
12830,45498,8703,1576048.6610515118
12840,45498,8703,1576048.401052475
12850,45498,8703,1576049.0010504723
12860,45498,8703,1576048.7690513134
12870,45498,8703,1576048.585051775
12880,45498,8703,1576049.0010504723
12890,45498,8703,1576048.8810508251
12900,45498,8703,1576048.8970508575
12910,45498,8703,1576048.4690520763
12920,45498,8703,1576048.761051178
12930,45534,8709,1576048.8570508957
12940,45534,8709,1576048.8690509796
12950,45534,8709,1576048.577051878
12960,45536,8709,1576048.401052475
12970,45536,8709,1576048.9530506134
12980,45539,8712,1576048.8410508633
12990,45539,8712,1576048.5330519676
13000,45539,8712,1576048.5450520515
13010,45547,8713,1576048.6290516853
13020,45547,8713,1576048.8050510883
13030,45547,8713,1576048.9890503883
13040,45606,8726,1576048.7050514221
13050,45606,8726,1576048.9250507355
13060,45606,8726,1576048.8570508957
13070,45606,8726,1576048.9770505428
13080,45606,8726,1576048.8770508766
13090,45606,8726,1576048.9610505104
13100,45606,8726,1576048.929050684
13110,45606,8726,1576048.7050514221
13120,45606,8726,1576048.4770522118
13130,45606,8726,1576048.9930505753
13140,45606,8726,1576048.8850507736
13150,45606,8726,1576048.4450523853
13160,45606,8726,1576048.613051653
13170,45606,8726,1576048.8970508575
13180,45607,8726,1576048.4850521088
13190,45609,8726,1576048.4130523205
13200,45609,8726,1576048.6170516014
13210,45609,8726,1576048.753051281
13220,45616,8727,1576048.7290513515
13230,45620,8727,1576048.6210517883
13240,45620,8727,1576049.0170505047
13250,45620,8727,1576048.7090513706
13260,45620,8727,1576048.9890503883
13270,45620,8727,1576048.9170508385
13280,45621,8727,1576049.0290503502
13290,45621,8727,1576048.8890507221
13300,45622,8727,1576049.049050331
13310,45623,8727,1576048.7010514736
13320,45623,8727,1576049.0050504208
13330,45623,8727,1576049.0930502415
13340,45626,8727,1576048.7850511074
13350,45649,8732,1576048.4410521984
13360,45922,8762,1576048.5050520897
13370,45922,8762,1576049.0930502415
13380,45922,8762,1576048.9450507164
13390,45922,8762,1576048.585051775
13400,45922,8762,1576048.4930520058
13410,45937,8762,1576048.5090520382
13420,45937,8762,1576048.577051878
13430,45937,8762,1576049.105050087
13440,45937,8762,1576048.901050806
13450,45937,8762,1576048.893050909
13460,45937,8762,1576048.9970505238
13470,45937,8762,1576048.9250507355
13480,45947,8762,1576048.381052494
13490,45947,8762,1576048.9850504398
13500,45947,8762,1576048.6330516338
13510,45947,8762,1576048.4250524044
13520,45947,8762,1576049.041050434
13530,45947,8762,1576048.4530522823
13540,45947,8762,1576048.9450507164
13550,45947,8762,1576049.085050106
13560,45947,8762,1576048.9730505943
13570,45947,8762,1576049.0090503693
13580,45947,8762,1576048.6930515766
13590,45947,8762,1576049.09705019
13600,45947,8762,1576048.745051384
13610,45947,8762,1576048.9330506325
13620,45947,8762,1576048.7490513325
13630,45950,8762,1576048.4490523338
13640,45950,8762,1576049.0610501766
13650,45950,8762,1576048.8050510883
13660,45950,8762,1576048.5170519352
13670,45950,8762,1576048.6810514927
13680,45950,8762,1576048.8010511398
13690,45950,8762,1576048.8610508442
13700,45950,8762,1576049.0170505047
13710,45950,8762,1576048.6690516472
13720,45950,8762,1576048.7130513191
13730,45950,8762,1576048.4810521603
13740,45950,8762,1576048.6370515823
13750,45950,8762,1576048.745051384
13760,45950,8762,1576048.8650507927
13770,45950,8762,1576048.4050524235
13780,45951,8762,1576048.949050665
13790,45951,8762,1576048.6770515442
13800,45952,8762,1576048.8250510693
13810,45952,8762,1576048.7290513515
13820,45952,8762,1576048.909050703
13830,45955,8762,1576048.5450520515
13840,45969,8762,1576048.7090513706
13850,45969,8762,1576049.105050087
13860,45969,8762,1576048.381052494
13870,45969,8762,1576048.4730522633
13880,45971,8762,1576048.8410508633
13890,45971,8762,1576048.8770508766
13900,45971,8762,1576048.593051672
13910,45971,8762,1576048.4730522633
13920,45971,8762,1576048.8650507927
13930,45971,8762,1576048.9930505753
13940,45971,8762,1576048.5370519161
13950,45971,8762,1576049.0370502472
13960,45971,8762,1576048.6930515766
13970,45971,8762,1576048.7210514545
13980,45977,8762,1576048.5250520706
13990,45977,8762,1576048.6850514412
14000,45977,8762,1576048.549052
14010,45977,8762,1576048.8290510178
14020,45977,8762,1576048.5890517235
14030,45977,8762,1576048.569051981
14040,45977,8762,1576048.565051794
14050,45990,8762,1576048.4850521088
14060,45990,8762,1576048.8210511208
14070,45990,8762,1576048.3970525265
14080,45990,8762,1576048.521052122
14090,45990,8762,1576048.6850514412
14100,45990,8762,1576049.0130503178
14110,46640,8841,1576048.4450523853
14120,46653,8843,1576048.5610518456
14130,46653,8843,1576048.5330519676
14140,46653,8843,1576048.6450517178
14150,46653,8843,1576048.9170508385
14160,46653,8843,1576048.6730515957
14170,46653,8843,1576048.9690506458
14180,46673,8844,1576049.117050171
14190,46697,8846,1576048.937050581
14200,46697,8846,1576048.789051056
14210,46697,8846,1576049.0370502472
14220,46697,8846,1576048.8690509796
14230,46697,8846,1576049.1010501385
14240,46697,8846,1576048.7290513515
14250,46697,8846,1576048.957050562
14260,46697,8846,1576048.761051178
14270,46697,8846,1576048.4730522633
14280,46697,8846,1576048.8130509853
14290,46697,8846,1576048.9770505428
14300,46697,8846,1576048.697051525
14310,46697,8846,1576048.745051384
14320,46697,8846,1576049.0610501766
14330,46697,8846,1576049.0250504017
14340,46697,8846,1576048.921050787
14350,46697,8846,1576048.5170519352
14360,46697,8846,1576049.125050068
14370,46697,8846,1576048.6010518074
14380,46697,8846,1576049.0210504532
14390,46697,8846,1576048.7210514545
14400,46697,8846,1576048.9850504398
14410,46697,8846,1576048.7130513191
14420,46697,8846,1576048.585051775
14430,46705,8846,1576048.8690509796
14440,46705,8846,1576048.6090517044
14450,46705,8846,1576048.781051159
14460,46705,8846,1576048.929050684
14470,46705,8846,1576048.3770525455
14480,46705,8846,1576048.6810514927
14490,46711,8847,1576049.0170505047
14500,46712,8847,1576049.0570502281
14510,47059,8874,1576049.0330502987
14520,47059,8874,1576048.577051878
14530,47059,8874,1576049.0530502796
14540,47059,8874,1576048.401052475
14550,47059,8874,1576048.745051384
14560,47059,8874,1576048.5890517235
14570,47059,8874,1576048.4330523014
14580,47059,8874,1576048.8570508957
14590,47059,8874,1576048.4810521603
14600,47059,8874,1576048.937050581
14610,47059,8874,1576048.4810521603
14620,47059,8874,1576048.43705225
14630,47059,8874,1576049.0090503693
14640,47059,8874,1576049.09705019
14650,47059,8874,1576048.4490523338
14660,47060,8874,1576048.8090510368
14670,47060,8874,1576048.9770505428
14680,47060,8874,1576048.6930515766
14690,47060,8874,1576048.7090513706
14700,47060,8874,1576049.0010504723
14710,47060,8874,1576048.6930515766
14720,47060,8874,1576049.0610501766
14730,47060,8874,1576048.6930515766
14740,47060,8874,1576049.1090500355
14750,47060,8874,1576048.4570522308
14760,47060,8874,1576049.09705019
14770,47060,8874,1576049.09705019
14780,47060,8874,1576048.5330519676
14790,47060,8874,1576048.5530519485
14800,47060,8874,1576048.4330523014
14810,47060,8874,1576048.605051756
14820,47060,8874,1576048.5250520706
14830,47060,8874,1576048.8570508957
14840,47060,8874,1576048.7930512428
14850,47060,8874,1576048.741051197
14860,47060,8874,1576048.6370515823
14870,47060,8874,1576048.9850504398
14880,47060,8874,1576048.6490516663
14890,47063,8874,1576048.6690516472
14900,47063,8874,1576048.4770522118
14910,47063,8874,1576048.9810504913
14920,47063,8874,1576048.9970505238
14930,47063,8874,1576049.0930502415
14940,47063,8874,1576048.8650507927
14950,47063,8874,1576048.7370512486
14960,47063,8874,1576049.085050106
14970,47063,8874,1576048.429052353
14980,47063,8874,1576048.741051197
14990,47063,8874,1576048.9530506134
15000,47063,8874,1576048.597051859
15010,47063,8874,1576048.3850524426
15020,47063,8874,1576049.0330502987
15030,47063,8874,1576048.8370509148
15040,47063,8874,1576048.5410518646
15050,47063,8874,1576048.8130509853
15060,47063,8874,1576048.4810521603
15070,47063,8874,1576048.6010518074
15080,47063,8874,1576048.6530516148
15090,47063,8874,1576048.6770515442
15100,47063,8874,1576048.909050703
15110,47063,8874,1576048.429052353
15120,47063,8874,1576048.909050703
15130,47063,8874,1576048.8330509663
15140,47063,8874,1576048.4410521984
15150,47063,8874,1576048.6210517883
15160,47063,8874,1576048.5090520382
15170,47063,8874,1576049.0130503178
15180,47063,8874,1576048.4730522633
15190,47063,8874,1576048.8210511208
15200,47063,8874,1576048.5890517235
15210,47063,8874,1576048.8210511208
15220,47063,8874,1576048.409052372
15230,47066,8874,1576048.4490523338
15240,47066,8874,1576049.1290500164
15250,47066,8874,1576048.565051794
15260,47066,8874,1576048.9410505295
15270,47069,8874,1576048.8050510883
15280,47069,8874,1576048.9050507545
15290,47069,8874,1576048.4050524235
15300,47069,8874,1576049.0290503502
15310,47069,8874,1576048.9970505238
15320,47069,8874,1576049.0530502796
15330,47069,8874,1576048.8370509148
15340,47069,8874,1576049.0730502605
15350,47069,8874,1576049.0530502796
15360,47069,8874,1576048.9890503883
15370,47069,8874,1576048.8610508442
15380,47069,8874,1576048.521052122
15390,47069,8874,1576048.549052
15400,47069,8874,1576048.8970508575
15410,47069,8874,1576048.773051262
15420,47089,8874,1576049.0810501575
15430,47089,8874,1576048.6250517368
15440,47089,8874,1576048.8650507927
15450,47089,8874,1576048.5330519676
15460,47089,8874,1576048.4450523853
15470,47089,8874,1576048.5170519352
15480,47089,8874,1576048.8370509148
15490,47089,8874,1576048.4770522118
15500,47089,8874,1576048.8970508575
15510,47095,8874,1576048.9250507355
15520,47095,8874,1576048.9770505428
15530,47095,8874,1576048.9850504398
15540,47095,8874,1576048.4490523338
15550,47095,8874,1576048.389052391
15560,47095,8874,1576048.6650514603
15570,47095,8874,1576048.3970525265
15580,47095,8874,1576048.4810521603
15590,47095,8874,1576048.909050703
15600,47095,8874,1576048.7970511913
15610,47095,8874,1576048.8450510502
15620,47095,8874,1576048.957050562
15630,47095,8874,1576049.049050331
15640,47095,8874,1576048.6610515118
15650,47095,8874,1576048.7210514545
15660,47095,8874,1576049.0570502281
15670,47095,8874,1576049.0090503693
15680,47095,8874,1576048.781051159
15690,47095,8874,1576048.3970525265
15700,47095,8874,1576048.6010518074
15710,47095,8874,1576048.753051281
15720,47095,8874,1576048.613051653
15730,47095,8874,1576049.0930502415
15740,47095,8874,1576048.957050562
15750,47099,8874,1576048.9530506134
15760,47099,8874,1576048.6170516014
15770,47099,8874,1576048.921050787
15780,47099,8874,1576048.8890507221
15790,47099,8874,1576048.5370519161
15800,47099,8874,1576048.5170519352
15810,47099,8874,1576048.5730519295
15820,47099,8874,1576048.5530519485
15830,47099,8874,1576048.5810518265
15840,47099,8874,1576048.8690509796
15850,47099,8874,1576049.0050504208
15860,47099,8874,1576048.8170511723
15870,47099,8874,1576049.069050312
15880,47099,8874,1576048.745051384
15890,47099,8874,1576048.381052494
15900,47099,8874,1576048.7690513134
15910,47099,8874,1576048.9170508385
15920,47099,8874,1576048.921050787
15930,47099,8874,1576048.6610515118
15940,47099,8874,1576048.7570512295
15950,47099,8874,1576048.6530516148
15960,47099,8874,1576048.5890517235
15970,47099,8874,1576048.381052494
15980,47099,8874,1576049.1090500355
15990,47164,8877,1576048.3930523396
16000,47164,8877,1576048.6730515957
16010,47164,8877,1576048.7690513134
16020,47164,8877,1576048.6610515118
16030,47255,8887,1576048.593051672
16040,47255,8887,1576048.921050787
16050,47255,8887,1576048.6610515118
16060,47258,8887,1576048.9930505753
16070,47258,8887,1576049.0330502987
16080,47258,8887,1576048.8210511208
16090,47258,8887,1576048.421052456
16100,47285,8887,1576048.4490523338
16110,47285,8887,1576048.4810521603
16120,47285,8887,1576048.8490509987
16130,47285,8887,1576048.921050787
16140,47285,8887,1576048.7290513515
16150,47285,8887,1576049.085050106
16160,47285,8887,1576048.597051859
16170,47286,8887,1576048.9330506325
16180,47286,8887,1576049.0730502605
16190,47286,8887,1576048.7930512428
16200,47286,8887,1576048.8970508575
16210,47286,8887,1576048.8890507221
16220,47286,8887,1576048.6690516472
16230,47286,8887,1576048.957050562
16240,47286,8887,1576048.9690506458
16250,47286,8887,1576048.6010518074
16260,47286,8887,1576049.041050434
16270,47286,8887,1576048.6730515957
16280,47286,8887,1576049.0730502605
16290,47286,8887,1576048.593051672
16300,47286,8887,1576048.965050459
16310,47309,8889,1576049.0610501766
16320,47309,8889,1576048.381052494
16330,47309,8889,1576048.5290520191
16340,47309,8889,1576048.8170511723
16350,47309,8889,1576048.8290510178
16360,47309,8889,1576048.5610518456
16370,47309,8889,1576048.8450510502
16380,47309,8889,1576048.9610505104
16390,47310,8889,1576048.613051653
16400,47310,8889,1576048.6090517044
16410,47311,8889,1576048.7370512486
16420,47311,8889,1576049.0010504723
16430,47311,8889,1576049.069050312
16440,47311,8889,1576048.9050507545
16450,47348,8928,1576049.0810501575
16460,47348,8928,1576048.9610505104
16470,47348,8928,1576049.1290500164
16480,47353,8928,1576048.8810508251
16490,47353,8928,1576049.09705019
16500,47353,8928,1576048.6890513897
16510,47353,8928,1576048.577051878
16520,47353,8928,1576048.949050665
16530,47353,8928,1576048.5890517235
16540,47353,8928,1576048.8050510883
16550,47353,8928,1576048.773051262
16560,47353,8928,1576048.893050909
16570,47353,8928,1576048.6490516663
16580,47353,8928,1576048.753051281
16590,47353,8928,1576048.6890513897
16600,47353,8928,1576049.1090500355
16610,47353,8928,1576048.4930520058
16620,47359,8928,1576048.421052456
16630,47359,8928,1576049.0090503693
16640,47359,8928,1576048.6570515633
16650,47362,8928,1576048.937050581
16660,47362,8928,1576048.965050459
16670,47362,8928,1576048.5450520515
16680,47362,8928,1576048.921050787
16690,47362,8928,1576048.8530509472
16700,47362,8928,1576048.761051178
16710,47369,8928,1576049.0050504208
16720,47369,8928,1576048.4530522823
16730,47369,8928,1576048.753051281
16740,47389,8930,1576048.8850507736
16750,47389,8930,1576048.9690506458
16760,47389,8930,1576048.8170511723
16770,47389,8930,1576048.4770522118
16780,47417,8935,1576048.7650511265
16790,47417,8935,1576048.7370512486
16800,47417,8935,1576049.0250504017
16810,47417,8935,1576049.1210501194
16820,47417,8935,1576048.7370512486
16830,47417,8935,1576048.43705225
16840,47417,8935,1576048.5010521412
16850,47417,8935,1576048.7330513
16860,47417,8935,1576048.8810508251
16870,47417,8935,1576048.7690513134
16880,47417,8935,1576048.4810521603
16890,47435,8935,1576049.0090503693
16900,47435,8935,1576048.4650521278
16910,47435,8935,1576048.7170512676
16920,47435,8935,1576048.6170516014
16930,47435,8935,1576048.4050524235
16940,47446,8936,1576049.0890500546
16950,47502,8947,1576048.901050806
16960,47508,8947,1576048.7690513134
16970,47508,8947,1576049.0330502987
16980,47508,8947,1576048.5010521412
16990,47508,8947,1576048.6890513897
17000,47508,8947,1576048.773051262
17010,47508,8947,1576048.521052122
17011,47508,8947,1576048.521052122
